Type,label,template_seq
0,Replica immediately deleted,"[E5,E5,E5,E22,E11,E9,E11,E9,E11,E9,E26,E26,E26,E25,E18,E5,E16,E6,E26,E26,E21,E23,E23,E23,E21,E21,E21]"
0,Replica immediately deleted,"[E5,E5,E5,E22,E11,E9,E11,E9,E11,E9,E26,E26,E26,E25,E18,E5,E6,E16,E26,E26,E21,E23,E23,E23,E21,E21,E21]"
0,Replica immediately deleted,"[E5,E5,E5,E22,E11,E9,E11,E9,E11,E9,E26,E26,E25,E18,E5,E6,E16,E26,E26,E23,E23,E23,E23,E21,E21,E21,E21]"
0,Replica immediately deleted,"[E5,E22,E5,E5,E11,E9,E11,E9,E11,E9,E26,E26,E26,E25,E18,E5,E16,E6,E26,E26,E21,E23,E23,E23,E21,E21,E21]"
0,Replica immediately deleted,"[E5,E5,E5,E22,E11,E9,E11,E9,E11,E9,E26,E26,E25,E18,E5,E16,E6,E26,E26,E23,E23,E23,E23,E21,E21,E21,E21]"
0,Replica immediately deleted,"[E5,E22,E5,E5,E11,E9,E11,E9,E11,E9,E26,E26,E26,E25,E18,E5,E6,E16,E26,E26,E21,E23,E23,E23,E21,E21,E21]"
0,Replica immediately deleted,"[E5,E5,E22,E5,E11,E9,E11,E9,E11,E9,E26,E26,E26,E25,E18,E5,E16,E6,E26,E26,E21,E23,E23,E23,E21,E21,E21]"
0,Replica immediately deleted,"[E5,E5,E22,E5,E11,E9,E11,E9,E11,E9,E26,E26,E26,E25,E18,E5,E6,E16,E26,E26,E21,E23,E23,E23,E21,E21,E21]"
0,Replica immediately deleted,"[E5,E5,E5,E22,E11,E9,E11,E9,E11,E9,E26,E26,E25,E5,E18,E16,E6,E26,E26,E23,E23,E23,E23,E21,E21,E21,E21]"
0,Replica immediately deleted,"[E5,E5,E5,E22,E11,E9,E11,E9,E11,E9,E26,E26,E25,E5,E18,E6,E16,E26,E26,E23,E23,E23,E23,E21,E21,E21,E21]"
0,Replica immediately deleted,"[E5,E5,E5,E22,E11,E9,E11,E9,E11,E9,E26,E26,E25,E18,E5,E16,E6,E26,E26,E21,E23,E23,E23,E21,E21,E21]"
0,Replica immediately deleted,"[E5,E22,E5,E5,E11,E9,E11,E9,E11,E9,E26,E26,E25,E18,E5,E6,E16,E26,E26,E23,E23,E23,E23,E21,E21,E21,E21]"
0,Replica immediately deleted,"[E5,E5,E5,E22,E11,E9,E11,E9,E11,E9,E26,E26,E25,E18,E5,E6,E16,E26,E26,E21,E23,E23,E23,E21,E21,E21]"
0,Replica immediately deleted,"[E22,E5,E5,E5,E11,E9,E11,E9,E11,E9,E26,E26,E26,E25,E18,E5,E6,E16,E26,E26,E21,E23,E23,E23,E21,E21,E21]"
0,Replica immediately deleted,"[E5,E22,E5,E5,E11,E9,E11,E9,E11,E9,E26,E26,E25,E18,E5,E6,E16,E26,E26,E21,E23,E23,E23,E21,E21,E21]"
0,Replica immediately deleted,"[E5,E22,E5,E5,E11,E9,E11,E9,E11,E9,E26,E26,E25,E18,E5,E16,E6,E26,E26,E21,E23,E23,E23,E21,E21,E21]"
0,Replica immediately deleted,"[E5,E22,E5,E5,E11,E9,E11,E9,E11,E9,E26,E26,E25,E18,E5,E16,E6,E26,E26,E23,E23,E23,E23,E21,E21,E21,E21]"
0,Replica immediately deleted,"[E5,E22,E5,E5,E11,E9,E11,E9,E11,E9,E26,E26,E25,E5,E18,E6,E16,E26,E26,E23,E23,E23,E23,E21,E21,E21,E21]"
0,Replica immediately deleted,"[E5,E5,E22,E5,E11,E9,E11,E9,E11,E9,E26,E26,E25,E18,E5,E6,E16,E26,E26,E21,E23,E23,E23,E21,E21,E21]"
0,Replica immediately deleted,"[E22,E5,E5,E5,E11,E9,E11,E9,E11,E9,E26,E26,E26,E25,E18,E5,E16,E6,E26,E26,E21,E23,E23,E23,E21,E21,E21]"
0,Replica immediately deleted,"[E5,E5,E22,E5,E11,E9,E11,E9,E11,E9,E26,E26,E25,E18,E5,E16,E6,E26,E26,E23,E23,E23,E23,E21,E21,E21,E21]"
0,Replica immediately deleted,"[E5,E5,E22,E5,E11,E9,E11,E9,E11,E9,E26,E26,E25,E18,E5,E16,E6,E26,E26,E21,E23,E23,E23,E21,E21,E21]"
0,Replica immediately deleted,"[E5,E5,E5,E22,E11,E9,E11,E9,E11,E9,E26,E26,E26,E25,E18,E5,E6,E16,E26,E26,E21,E23,E23,E23,E21,E21,E21,E20]"
0,Replica immediately deleted,"[E22,E5,E5,E5,E11,E9,E11,E9,E11,E9,E26,E26,E25,E18,E5,E6,E16,E26,E26,E23,E23,E23,E23,E21,E21,E21,E21]"
0,Replica immediately deleted,"[E5,E5,E5,E22,E11,E9,E11,E9,E11,E9,E26,E26,E18,E25,E5,E16,E6,E26,E26,E23,E23,E23,E23,E21,E21,E21,E21]"
0,Replica immediately deleted,"[E5,E5,E22,E5,E11,E9,E11,E9,E11,E9,E26,E26,E26,E25,E18,E5,E16,E6,E26,E26,E21,E23,E23,E23,E21,E21,E21,E20]"
0,Replica immediately deleted,"[E5,E5,E22,E5,E11,E9,E11,E9,E11,E9,E26,E26,E25,E18,E5,E6,E16,E26,E26,E23,E23,E23,E23,E21,E21,E21,E21]"
0,Replica immediately deleted,"[E5,E5,E5,E22,E11,E9,E11,E9,E11,E9,E26,E26,E26,E25,E18,E5,E16,E6,E26,E26,E21,E23,E23,E23,E21,E21,E21,E20]"
0,Replica immediately deleted,"[E5,E22,E5,E5,E11,E9,E11,E9,E11,E9,E26,E26,E25,E18,E5,E26,E6,E16,E26,E21,E23,E23,E23,E21,E21,E21]"
0,Replica immediately deleted,"[E5,E5,E22,E5,E11,E9,E11,E9,E11,E9,E26,E26,E25,E5,E18,E16,E6,E26,E26,E23,E23,E23,E23,E21,E21,E21,E21]"
0,Replica immediately deleted,"[E5,E5,E5,E22,E11,E9,E11,E9,E11,E9,E26,E26,E25,E18,E5,E26,E6,E16,E26,E21,E23,E23,E23,E21,E21,E21]"
0,Replica immediately deleted,"[E5,E5,E5,E22,E11,E9,E11,E9,E26,E26,E11,E9,E26,E25,E18,E5,E16,E6,E26,E26,E21,E23,E23,E23,E21,E21,E21]"
0,Replica immediately deleted,"[E5,E5,E5,E22,E25,E11,E9,E11,E9,E11,E9,E26,E26,E26,E18,E5,E16,E6,E26,E21,E23,E23,E23,E21,E21,E21]"
0,Replica immediately deleted,"[E22,E5,E5,E5,E26,E26,E11,E9,E11,E9,E11,E9,E25,E18,E5,E26,E6,E16,E26,E21,E4,E3,E4,E2,E2,E23,E23,E23,E21,E21,E21]"
0,Replica immediately deleted,"[E5,E22,E5,E5,E11,E9,E11,E9,E11,E9,E25,E26,E26,E26,E5,E18,E6,E16,E26,E21,E23,E23,E23,E21,E21,E21]"
0,Replica immediately deleted,"[E5,E22,E5,E5,E11,E9,E11,E9,E26,E26,E11,E9,E26,E25,E18,E5,E16,E6,E26,E26,E21,E23,E23,E23,E21,E21,E21]"
0,Replica immediately deleted,"[E5,E5,E22,E5,E11,E9,E11,E9,E11,E9,E26,E26,E25,E5,E18,E6,E16,E26,E26,E23,E23,E23,E23,E21,E21,E21,E21]"
0,Replica immediately deleted,"[E5,E5,E22,E5,E11,E9,E11,E9,E11,E9,E26,E26,E26,E25,E18,E5,E6,E16,E26,E26,E21,E23,E23,E23,E21,E21,E21,E20]"
0,Replica immediately deleted,"[E5,E5,E5,E22,E11,E9,E11,E9,E11,E9,E26,E26,E25,E26,E18,E5,E6,E16,E26,E21,E23,E23,E23,E21,E21,E21]"
0,Replica immediately deleted,"[E22,E5,E5,E5,E11,E9,E11,E9,E11,E9,E26,E26,E25,E18,E5,E16,E6,E26,E26,E23,E23,E23,E23,E21,E21,E21,E21]"
0,Replica immediately deleted,"[E22,E5,E5,E5,E26,E26,E11,E9,E11,E9,E11,E9,E25,E18,E5,E26,E6,E16,E26,E21,E4,E4,E3,E2,E23,E23,E23,E21,E21,E21]"
0,Replica immediately deleted,"[E5,E5,E22,E5,E11,E9,E11,E9,E11,E9,E26,E26,E25,E18,E5,E26,E6,E16,E26,E21,E23,E23,E23,E21,E21,E21]"
0,Replica immediately deleted,"[E5,E5,E5,E22,E11,E9,E11,E9,E11,E9,E25,E26,E26,E26,E5,E18,E6,E16,E26,E21,E23,E23,E23,E21,E21,E21]"
0,Replica immediately deleted,"[E5,E5,E5,E22,E11,E9,E11,E9,E11,E9,E26,E26,E25,E18,E5,E26,E16,E6,E26,E21,E23,E23,E23,E21,E21,E21]"
0,Replica immediately deleted,"[E5,E5,E5,E22,E11,E9,E11,E9,E11,E9,E26,E26,E26,E18,E25,E5,E16,E6,E26,E26,E21,E23,E23,E23,E21,E21,E21]"
0,Replica immediately deleted,"[E5,E5,E5,E22,E11,E9,E11,E9,E11,E9,E26,E26,E26,E18,E25,E5,E6,E16,E26,E26,E21,E23,E23,E23,E21,E21,E21]"
0,Replica immediately deleted,"[E22,E5,E5,E5,E11,E9,E11,E9,E11,E9,E26,E26,E25,E18,E5,E16,E6,E26,E26,E21,E23,E23,E23,E21,E21,E21]"
0,Replica immediately deleted,"[E22,E5,E5,E5,E26,E26,E11,E9,E11,E9,E11,E9,E25,E18,E5,E26,E16,E6,E26,E21,E2,E4,E4,E3,E2,E2,E23,E23,E23,E21,E21,E21]"
0,Replica immediately deleted,"[E22,E5,E5,E5,E26,E26,E11,E9,E11,E9,E11,E9,E25,E18,E5,E26,E6,E16,E26,E21,E4,E3,E4,E2,E23,E23,E23,E21,E21,E21]"
0,Replica immediately deleted,"[E5,E22,E5,E5,E11,E9,E11,E9,E11,E9,E26,E26,E25,E18,E5,E26,E16,E6,E26,E21,E23,E23,E23,E21,E21,E21]"
0,Replica immediately deleted,"[E5,E22,E5,E5,E11,E9,E26,E11,E9,E11,E9,E26,E26,E25,E18,E5,E6,E16,E26,E26,E21,E23,E23,E23,E21,E21,E21]"
0,Replica immediately deleted,"[E5,E5,E22,E5,E11,E9,E11,E9,E11,E9,E26,E26,E18,E25,E5,E6,E16,E26,E26,E23,E23,E23,E23,E21,E21,E21,E21]"
0,Replica immediately deleted,"[E5,E5,E22,E5,E11,E9,E11,E9,E11,E9,E26,E26,E25,E18,E5,E26,E16,E6,E26,E21,E23,E23,E23,E21,E21,E21]"
0,Replica immediately deleted,"[E5,E5,E22,E5,E11,E9,E11,E9,E11,E9,E26,E26,E25,E26,E18,E5,E6,E16,E26,E21,E23,E23,E23,E21,E21,E21]"
0,Replica immediately deleted,"[E5,E5,E22,E5,E11,E9,E11,E9,E26,E26,E26,E11,E9,E3,E3,E4,E25,E18,E5,E16,E6,E26,E26,E21,E25,E5,E18,E16,E6,E26,E26,E21,E3,E3,E4,E23,E23,E23,E21,E21,E21]"
0,Replica immediately deleted,"[E5,E5,E22,E5,E11,E9,E11,E9,E26,E26,E26,E11,E9,E3,E3,E4,E25,E5,E18,E16,E6,E26,E26,E21,E25,E5,E18,E6,E16,E26,E26,E21,E3,E3,E4,E23,E23,E23,E21,E21,E21]"
0,Replica immediately deleted,"[E5,E5,E22,E5,E11,E9,E11,E9,E26,E26,E26,E11,E9,E3,E4,E3,E25,E5,E18,E16,E6,E26,E26,E21,E25,E5,E18,E16,E6,E26,E26,E21,E3,E4,E3,E23,E23,E23,E21,E21,E21]"
0,Replica immediately deleted,"[E5,E5,E5,E22,E11,E9,E11,E9,E11,E9,E26,E26,E5,E18,E25,E16,E6,E26,E26,E23,E23,E23,E23,E21,E21,E21,E21]"
0,Replica immediately deleted,"[E5,E5,E5,E22,E11,E9,E26,E11,E9,E11,E9,E26,E26,E25,E18,E5,E6,E16,E26,E26,E21,E23,E23,E23,E21,E21,E21]"
0,Replica immediately deleted,"[E22,E5,E5,E5,E11,E9,E11,E9,E11,E9,E26,E26,E18,E25,E5,E16,E6,E26,E26,E23,E23,E23,E23,E21,E21,E21,E21]"
0,Replica immediately deleted,"[E22,E5,E5,E5,E11,E9,E11,E9,E11,E9,E26,E26,E25,E18,E5,E26,E6,E16,E26,E21,E2,E4,E3,E4,E2,E23,E23,E23,E21,E21,E21]"
0,Replica immediately deleted,"[E22,E5,E5,E5,E11,E9,E11,E9,E11,E9,E26,E26,E25,E18,E5,E26,E6,E16,E26,E21,E2,E4,E4,E3,E2,E2,E23,E23,E23,E21,E21,E21]"
0,Replica immediately deleted,"[E22,E5,E5,E5,E11,E9,E11,E9,E11,E9,E26,E26,E25,E18,E5,E6,E16,E26,E26,E21,E23,E23,E23,E21,E21,E21]"
0,Replica immediately deleted,"[E22,E5,E5,E5,E25,E26,E26,E26,E11,E9,E11,E9,E11,E9,E18,E26,E16,E6,E5,E21,E3,E23,E23,E23,E21,E21,E21]"
0,Replica immediately deleted,"[E22,E5,E5,E5,E26,E11,E9,E11,E9,E11,E9,E26,E25,E18,E5,E26,E16,E6,E26,E21,E2,E4,E3,E4,E2,E2,E23,E23,E23,E21,E21,E21]"
0,Replica immediately deleted,"[E22,E5,E5,E5,E26,E26,E11,E9,E11,E9,E11,E9,E25,E18,E5,E26,E6,E16,E26,E21,E2,E4,E3,E4,E2,E2,E23,E23,E23,E21,E21,E21]"
0,Replica immediately deleted,"[E22,E5,E5,E5,E26,E26,E11,E9,E11,E9,E11,E9,E25,E18,E5,E26,E6,E16,E26,E21,E2,E4,E4,E3,E2,E2,E23,E23,E23,E21,E21,E21]"
0,Replica immediately deleted,"[E22,E5,E5,E5,E26,E26,E11,E9,E11,E9,E11,E9,E25,E18,E5,E26,E6,E16,E26,E21,E4,E4,E3,E2,E2,E23,E23,E23,E21,E21,E21]"
0,Replica immediately deleted,"[E5,E22,E5,E5,E11,E9,E11,E9,E11,E9,E26,E26,E18,E25,E5,E16,E6,E26,E26,E21,E23,E23,E23,E21,E21,E21]"
0,Replica immediately deleted,"[E5,E22,E5,E5,E11,E9,E11,E9,E26,E26,E11,E9,E26,E25,E18,E5,E6,E16,E26,E26,E21,E23,E23,E23,E21,E21,E21]"
0,Replica immediately deleted,"[E5,E5,E22,E5,E11,E9,E11,E9,E11,E9,E26,E26,E18,E25,E5,E16,E6,E26,E26,E23,E23,E23,E23,E21,E21,E21,E21]"
0,Replica immediately deleted,"[E5,E5,E22,E5,E11,E9,E11,E9,E11,E9,E26,E26,E26,E2,E25,E18,E5,E6,E16,E26,E26,E21,E23,E23,E23,E21,E21,E21]"
0,Replica immediately deleted,"[E5,E5,E22,E5,E11,E9,E11,E9,E26,E26,E11,E9,E26,E25,E18,E5,E16,E6,E26,E26,E21,E23,E23,E23,E21,E21,E21]"
0,Replica immediately deleted,"[E5,E5,E22,E5,E11,E9,E11,E9,E26,E26,E26,E11,E9,E3,E3,E4,E25,E18,E5,E16,E6,E26,E26,E21,E25,E18,E5,E6,E16,E26,E26,E21,E3,E3,E4,E23,E23,E23,E21,E21,E21]"
0,Replica immediately deleted,"[E5,E5,E22,E5,E11,E9,E11,E9,E26,E26,E26,E11,E9,E3,E3,E4,E25,E18,E5,E16,E6,E26,E26,E21,E25,E5,E18,E6,E16,E26,E26,E21,E3,E3,E4,E23,E23,E23,E21,E21,E21]"
0,Replica immediately deleted,"[E5,E5,E22,E5,E11,E9,E11,E9,E26,E26,E26,E11,E9,E3,E3,E4,E25,E18,E5,E6,E16,E26,E26,E21,E25,E18,E5,E16,E6,E26,E26,E21,E3,E3,E4,E23,E23,E23,E21,E21,E21]"
0,Replica immediately deleted,"[E5,E5,E22,E5,E11,E9,E26,E11,E9,E11,E9,E26,E26,E25,E18,E5,E6,E16,E26,E26,E21,E23,E23,E23,E21,E21,E21]"
0,Replica immediately deleted,"[E5,E5,E22,E5,E25,E11,E9,E11,E9,E11,E9,E26,E26,E26,E18,E5,E6,E16,E26,E21,E23,E23,E23,E21,E21,E21]"
0,Replica immediately deleted,"[E5,E5,E5,E22,E11,E9,E11,E9,E11,E9,E25,E26,E26,E26,E18,E5,E16,E6,E26,E21,E23,E23,E23,E21,E21,E21]"
0,Replica immediately deleted,"[E5,E5,E5,E22,E11,E9,E11,E9,E11,E9,E26,E26,E18,E25,E5,E16,E6,E26,E26,E21,E23,E23,E23,E21,E21,E21]"
0,Replica immediately deleted,"[E5,E5,E5,E22,E11,E9,E11,E9,E11,E9,E26,E26,E18,E25,E5,E6,E16,E26,E26,E21,E23,E23,E23,E21,E21,E21]"
0,Replica immediately deleted,"[E5,E5,E5,E22,E11,E9,E11,E9,E11,E9,E26,E26,E18,E25,E5,E6,E16,E26,E26,E23,E23,E23,E23,E21,E21,E21,E21]"
0,Replica immediately deleted,"[E5,E5,E5,E22,E11,E9,E11,E9,E11,E9,E26,E26,E25,E5,E18,E26,E16,E6,E26,E21,E23,E23,E23,E21,E21,E21]"
0,Replica immediately deleted,"[E5,E5,E5,E22,E11,E9,E11,E9,E11,E9,E26,E26,E25,E5,E18,E26,E6,E16,E26,E21,E23,E23,E23,E21,E21,E21]"
0,Replica immediately deleted,"[E5,E5,E5,E22,E11,E9,E11,E9,E11,E9,E26,E26,E25,E5,E18,E6,E16,E26,E26,E2,E23,E23,E23,E23,E21,E21,E21,E21]"
0,Replica immediately deleted,"[E5,E5,E5,E22,E11,E9,E11,E9,E11,E9,E26,E26,E5,E18,E25,E6,E16,E26,E26,E23,E23,E23,E23,E21,E21,E21,E21]"
0,Replica immediately deleted,"[E5,E5,E5,E22,E11,E9,E11,E9,E26,E26,E11,E9,E26,E25,E18,E5,E6,E16,E26,E26,E21,E23,E23,E23,E21,E21,E21]"
0,Replica immediately deleted,"[E5,E5,E5,E22,E25,E11,E9,E11,E9,E11,E9,E26,E26,E26,E18,E5,E6,E16,E26,E21,E23,E23,E23,E21,E21,E21]"
0,Replica immediately deleted,"[E22,E5,E5,E5,E11,E9,E11,E9,E11,E9,E26,E26,E25,E5,E18,E26,E16,E6,E26,E21,E23,E23,E23,E21,E21,E21]"
0,Replica immediately deleted,"[E22,E5,E5,E5,E11,E9,E11,E9,E11,E9,E26,E26,E25,E5,E18,E6,E16,E26,E26,E23,E23,E23,E23,E21,E21,E21,E21]"
0,Replica immediately deleted,"[E22,E5,E5,E5,E26,E11,E9,E11,E9,E11,E9,E26,E25,E18,E5,E26,E6,E16,E26,E21,E2,E4,E4,E3,E2,E2,E23,E23,E23,E21,E21,E21]"
0,Replica immediately deleted,"[E22,E5,E5,E5,E26,E26,E11,E9,E11,E9,E11,E9,E25,E18,E5,E26,E16,E6,E26,E21,E2,E4,E3,E4,E2,E2,E23,E23,E23,E21,E21,E21]"
0,Replica immediately deleted,"[E22,E5,E5,E5,E26,E26,E11,E9,E11,E9,E11,E9,E25,E18,E5,E26,E16,E6,E26,E21,E2,E4,E3,E4,E2,E23,E23,E23,E21,E21,E21]"
0,Replica immediately deleted,"[E22,E5,E5,E5,E26,E26,E11,E9,E11,E9,E11,E9,E25,E18,E5,E26,E16,E6,E26,E21,E2,E4,E4,E3,E2,E23,E23,E23,E21,E21,E21]"
0,Replica immediately deleted,"[E22,E5,E5,E5,E26,E26,E11,E9,E11,E9,E11,E9,E25,E18,E5,E26,E16,E6,E26,E21,E2,E4,E4,E3,E23,E23,E23,E21,E21,E21]"
0,Replica immediately deleted,"[E22,E5,E5,E5,E26,E26,E11,E9,E11,E9,E11,E9,E25,E18,E5,E26,E16,E6,E26,E21,E4,E3,E4,E2,E2,E23,E23,E23,E21,E21,E21]"
0,Replica immediately deleted,"[E22,E5,E5,E5,E26,E26,E11,E9,E11,E9,E11,E9,E25,E18,E5,E26,E16,E6,E26,E21,E4,E4,E3,E2,E2,E23,E23,E23,E21,E21,E21]"
0,Replica immediately deleted,"[E22,E5,E5,E5,E26,E26,E11,E9,E11,E9,E11,E9,E25,E18,E5,E26,E26,E6,E16,E21,E2,E4,E4,E3,E2,E23,E23,E23,E21,E21,E21]"
0,Replica immediately deleted,"[E22,E5,E5,E5,E26,E26,E11,E9,E11,E9,E11,E9,E25,E18,E5,E26,E6,E16,E26,E21,E2,E4,E3,E4,E2,E23,E23,E23,E21,E21,E21]"
0,Replica immediately deleted,"[E5,E22,E5,E5,E11,E9,E11,E9,E11,E9,E26,E26,E18,E25,E5,E16,E6,E26,E26,E23,E23,E23,E23,E21,E21,E21,E21]"
1,Redundant addStoredBlock,"[E5,E5,E5,E22,E11,E9,E11,E9,E11,E9,E26,E26,E26,E27,E23,E23,E23,E21,E21,E21]"
1,Redundant addStoredBlock,"[E5,E5,E5,E22,E11,E9,E11,E9,E11,E9,E26,E26,E27,E26,E23,E23,E23,E21,E21,E21]"
1,Redundant addStoredBlock,"[E5,E22,E5,E5,E11,E9,E11,E9,E11,E9,E26,E26,E26,E27,E23,E23,E23,E21,E21,E21]"
1,Redundant addStoredBlock,"[E5,E5,E22,E5,E11,E9,E11,E9,E11,E9,E26,E26,E26,E27,E23,E23,E23,E21,E21,E21]"
1,Redundant addStoredBlock,"[E5,E22,E5,E5,E11,E9,E11,E9,E11,E9,E26,E26,E27,E26,E23,E23,E23,E21,E21,E21]"
1,Redundant addStoredBlock,"[E22,E5,E5,E5,E26,E26,E11,E9,E11,E9,E11,E9,E26,E27,E23,E23,E23,E21,E21,E21]"
1,Redundant addStoredBlock,"[E5,E5,E22,E5,E11,E9,E11,E9,E11,E9,E26,E26,E27,E26,E23,E23,E23,E21,E21,E21]"
1,Redundant addStoredBlock,"[E22,E5,E5,E5,E26,E26,E11,E9,E11,E9,E11,E9,E27,E26,E23,E23,E23,E21,E21,E21]"
1,Redundant addStoredBlock,"[E5,E5,E5,E22,E11,E9,E11,E9,E11,E9,E26,E26,E26,E27]"
1,Redundant addStoredBlock,"[E5,E5,E5,E22,E11,E9,E11,E9,E11,E9,E26,E26,E27,E26]"
1,Redundant addStoredBlock,"[E22,E5,E5,E5,E11,E9,E11,E9,E11,E9,E26,E26,E27,E26,E23,E23,E23,E21,E21,E21]"
1,Redundant addStoredBlock,"[E5,E5,E22,E5,E11,E9,E11,E9,E11,E9,E26,E26,E26,E27]"
1,Redundant addStoredBlock,"[E5,E22,E5,E5,E11,E9,E11,E9,E11,E9,E26,E26,E27,E26]"
1,Redundant addStoredBlock,"[E22,E5,E5,E5,E11,E9,E11,E9,E11,E9,E26,E26,E26,E27,E23,E23,E23,E21,E21,E21]"
1,Redundant addStoredBlock,"[E5,E22,E5,E5,E11,E9,E11,E9,E11,E9,E26,E26,E26,E27]"
1,Redundant addStoredBlock,"[E5,E5,E22,E5,E11,E9,E11,E9,E11,E9,E26,E26,E27,E26]"
1,Redundant addStoredBlock,"[E22,E5,E5,E5,E26,E26,E11,E9,E11,E9,E11,E9,E26,E27,E2,E23,E23,E23,E21,E21,E21]"
1,Redundant addStoredBlock,"[E5,E5,E5,E22,E11,E9,E11,E9,E26,E11,E9,E26,E26,E27,E23,E23,E23,E21,E21,E21]"
1,Redundant addStoredBlock,"[E22,E5,E5,E5,E11,E9,E11,E9,E11,E9,E26,E26,E26,E27]"
1,Redundant addStoredBlock,"[E22,E5,E5,E5,E26,E26,E11,E9,E11,E9,E11,E9,E27,E26,E2,E23,E23,E23,E21,E21,E21]"
1,Redundant addStoredBlock,"[E5,E5,E22,E5,E11,E9,E26,E11,E9,E11,E9,E26,E26,E27,E23,E23,E23,E21,E21,E21]"
1,Redundant addStoredBlock,"[E5,E5,E5,E22,E11,E9,E11,E9,E11,E9,E26,E27,E26,E26,E23,E23,E23,E21,E21,E21]"
1,Redundant addStoredBlock,"[E5,E5,E5,E22,E11,E9,E26,E11,E9,E11,E9,E26,E27,E26,E23,E23,E23,E21,E21,E21]"
1,Redundant addStoredBlock,"[E5,E22,E5,E5,E11,E9,E11,E9,E11,E9,E26,E26,E26,E27,E2,E23,E23,E23,E21,E21,E21]"
1,Redundant addStoredBlock,"[E5,E5,E5,E22,E11,E9,E11,E9,E11,E9,E26,E26,E26,E27,E2,E23,E23,E23,E21,E21,E21]"
1,Redundant addStoredBlock,"[E5,E5,E5,E22,E11,E9,E11,E9,E26,E11,E9,E26,E27,E26,E23,E23,E23,E21,E21,E21]"
1,Redundant addStoredBlock,"[E22,E5,E5,E5,E26,E26,E11,E9,E11,E9,E11,E9,E26,E27,E4,E3,E4,E23,E23,E23,E21,E21,E21]"
1,Redundant addStoredBlock,"[E5,E22,E5,E5,E11,E9,E26,E11,E9,E11,E9,E26,E26,E27,E23,E23,E23,E21,E21,E21]"
1,Redundant addStoredBlock,"[E5,E5,E22,E5,E11,E9,E11,E9,E11,E9,E26,E26,E27,E26,E2,E23,E23,E23,E21,E21,E21]"
1,Redundant addStoredBlock,"[E5,E5,E22,E5,E11,E9,E11,E9,E26,E11,E9,E26,E27,E26,E23,E23,E23,E21,E21,E21]"
1,Redundant addStoredBlock,"[E5,E5,E5,E22,E11,E9,E11,E9,E11,E9,E26,E26,E27,E26,E2,E23,E23,E23,E21,E21,E21]"
1,Redundant addStoredBlock,"[E5,E5,E5,E22,E11,E9,E11,E9,E26,E11,E9,E27,E26,E26,E23,E23,E23,E21,E21,E21]"
1,Redundant addStoredBlock,"[E5,E5,E5,E22,E11,E9,E11,E9,E26,E26,E11,E9,E26,E27]"
1,Redundant addStoredBlock,"[E5,E5,E5,E22,E11,E9,E26,E11,E9,E11,E9,E26,E26,E27,E23,E23,E23,E21,E21,E21]"
1,Redundant addStoredBlock,"[E22,E5,E5,E5,E11,E9,E11,E9,E11,E9,E26,E26,E27,E26]"
1,Redundant addStoredBlock,"[E22,E5,E5,E5,E11,E9,E11,E9,E11,E9,E27,E26,E26,E26,E23,E23,E23,E21,E21,E21]"
1,Redundant addStoredBlock,"[E22,E5,E5,E5,E26,E26,E11,E9,E11,E9,E11,E9,E27,E26,E3,E3,E4,E3,E3,E4,E3,E3,E4,E23,E23,E23,E21,E21,E21]"
1,Redundant addStoredBlock,"[E5,E22,E5,E5,E11,E9,E11,E9,E26,E11,E9,E26,E27,E26,E23,E23,E23,E21,E21,E21]"
1,Redundant addStoredBlock,"[E5,E22,E5,E5,E11,E9,E11,E9,E26,E26,E11,E9,E26,E27,E23,E23,E23,E21,E21,E21]"
1,Redundant addStoredBlock,"[E5,E22,E5,E5,E11,E9,E11,E9,E26,E26,E11,E9,E27,E26,E23,E23,E23,E21,E21,E21]"
1,Redundant addStoredBlock,"[E5,E22,E5,E5,E11,E9,E26,E11,E9,E11,E9,E26,E27,E26,E23,E23,E23,E21,E21,E21]"
1,Redundant addStoredBlock,"[E5,E5,E22,E5,E11,E9,E11,E9,E11,E9,E26,E26,E26,E27,E2,E23,E23,E23,E21,E21,E21]"
1,Redundant addStoredBlock,"[E5,E5,E22,E5,E11,E9,E11,E9,E26,E11,E9,E26,E26,E27,E23,E23,E23,E21,E21,E21]"
1,Redundant addStoredBlock,"[E5,E5,E22,E5,E11,E9,E11,E9,E26,E26,E11,E9,E27,E26,E23,E23,E23,E21,E21,E21]"
1,Redundant addStoredBlock,"[E5,E5,E22,E5,E11,E9,E26,E11,E9,E11,E9,E26,E26,E27]"
1,Redundant addStoredBlock,"[E5,E5,E5,E22,E11,E9,E11,E9,E11,E9,E26,E26,E26,E27,E2]"
1,Redundant addStoredBlock,"[E5,E5,E5,E22,E11,E9,E11,E9,E11,E9,E27,E26,E26,E26,E23,E23,E23,E21,E21,E21]"
1,Redundant addStoredBlock,"[E5,E5,E5,E22,E11,E9,E11,E9,E26,E26,E11,E9,E26,E27,E23,E23,E23,E21,E21,E21]"
1,Redundant addStoredBlock,"[E5,E5,E5,E22,E11,E9,E11,E9,E26,E26,E11,E9,E27,E26,E23,E23,E23,E21,E21,E21]"
1,Redundant addStoredBlock,"[E22,E5,E5,E5,E11,E9,E11,E9,E11,E9,E26,E27,E26,E26,E23,E23,E23,E21,E21,E21]"
1,Redundant addStoredBlock,"[E22,E5,E5,E5,E11,E9,E11,E9,E26,E26,E11,E9,E26,E27,E23,E23,E23,E21,E21,E21]"
1,Redundant addStoredBlock,"[E22,E5,E5,E5,E11,E9,E26,E26,E11,E9,E11,E9,E26,E27,E23,E23,E23,E21,E21,E21]"
1,Redundant addStoredBlock,"[E22,E5,E5,E5,E26,E26,E11,E9,E11,E9,E11,E9,E26,E27,E2,E2,E23,E23,E23,E21,E21,E21]"
1,Redundant addStoredBlock,"[E22,E5,E5,E5,E26,E26,E11,E9,E11,E9,E11,E9,E26,E27,E4,E3,E4,E2,E2,E2,E23,E23,E23,E21,E21,E21]"
1,Redundant addStoredBlock,"[E22,E5,E5,E5,E26,E26,E11,E9,E11,E9,E11,E9,E26,E27,E4,E3,E4,E2,E2,E23,E23,E23,E21,E21,E21]"
1,Redundant addStoredBlock,"[E22,E5,E5,E5,E26,E26,E11,E9,E11,E9,E11,E9,E26,E27,E4,E3,E4,E2,E23,E23,E23,E21,E21,E21]"
1,Redundant addStoredBlock,"[E22,E5,E5,E5,E26,E26,E11,E9,E11,E9,E11,E9,E26,E27,E4,E4,E3,E2,E2,E2,E23,E23,E23,E21,E21,E21]"
1,Redundant addStoredBlock,"[E22,E5,E5,E5,E26,E26,E11,E9,E11,E9,E11,E9,E26,E27,E4,E4,E3,E23,E23,E23,E21,E21,E21]"
1,Redundant addStoredBlock,"[E22,E5,E5,E5,E26,E26,E11,E9,E11,E9,E11,E9,E27,E26,E2,E2,E23,E23,E23,E21,E21,E21]"
1,Redundant addStoredBlock,"[E22,E5,E5,E5,E26,E26,E11,E9,E11,E9,E11,E9,E27,E26,E3,E4,E3,E3,E3,E4,E3,E4,E3,E23,E23,E23,E21,E21,E21]"
1,Redundant addStoredBlock,"[E22,E5,E5,E5,E26,E26,E11,E9,E11,E9,E11,E9,E27,E26,E4,E3,E3,E4,E3,E3,E4,E3,E3,E4,E3,E23,E23,E23,E21,E21,E21]"
1,Redundant addStoredBlock,"[E22,E5,E5,E5,E26,E26,E11,E9,E11,E9,E11,E9,E27,E26,E4,E3,E4,E2,E23,E23,E23,E21,E21,E21]"
1,Redundant addStoredBlock,"[E22,E5,E5,E5,E26,E26,E11,E9,E11,E9,E11,E9,E27,E26,E4,E4,E3,E23,E23,E23,E21,E21,E21]"
1,Redundant addStoredBlock,"[E22,E5,E5,E5,E26,E26,E26,E27,E11,E9,E11,E9,E11,E9,E23,E23,E23,E21,E21,E21]"
1,Redundant addStoredBlock,"[E5,E22,E5,E5,E11,E9,E11,E9,E11,E9,E26,E26,E26,E27,E3,E3,E4,E3,E3,E4,E23,E23,E23,E21,E21,E21]"
1,Redundant addStoredBlock,"[E5,E22,E5,E5,E11,E9,E11,E9,E11,E9,E26,E26,E26,E27,E4,E4,E3,E23,E23,E23,E21,E21,E21]"
1,Redundant addStoredBlock,"[E5,E22,E5,E5,E11,E9,E11,E9,E26,E11,E9,E26,E26,E27,E23,E23,E23,E21,E21,E21]"
1,Redundant addStoredBlock,"[E5,E22,E5,E5,E11,E9,E26,E11,E9,E11,E9,E26,E27,E26]"
1,Redundant addStoredBlock,"[E5,E22,E5,E5,E11,E9,E9,E26,E11,E9,E11,E26,E27,E26,E23,E23,E23,E21,E21,E21]"
1,Redundant addStoredBlock,"[E5,E5,E22,E5,E11,E9,E26,E11,E9,E11,E9,E26,E27,E26,E23,E23,E23,E21,E21,E21]"
1,Redundant addStoredBlock,"[E5,E5,E22,E5,E11,E9,E26,E26,E11,E9,E11,E9,E26,E27,E23,E23,E23,E21,E21,E21]"
1,Redundant addStoredBlock,"[E5,E5,E5,E22,E11,E9,E11,E9,E11,E9,E26,E26,E26,E27,E2,E3,E3,E4,E3,E3,E4,E23,E23,E23,E21,E21,E21]"
1,Redundant addStoredBlock,"[E5,E5,E5,E22,E11,E9,E11,E9,E11,E9,E26,E26,E26,E27,E3,E3,E4,E3,E3,E4,E23,E23,E23,E21,E21,E21]"
1,Redundant addStoredBlock,"[E5,E5,E5,E22,E11,E9,E11,E9,E11,E9,E26,E26,E26,E27,E4,E3,E4,E2,E23,E23,E23,E21,E21,E21]"
1,Redundant addStoredBlock,"[E5,E5,E5,E22,E11,E9,E11,E9,E11,E9,E26,E26,E27,E26,E4,E3,E4,E23,E23,E23,E21,E21,E21]"
1,Redundant addStoredBlock,"[E5,E5,E5,E22,E11,E9,E11,E9,E11,E9,E27,E26,E26,E26]"
1,Redundant addStoredBlock,"[E5,E5,E5,E22,E11,E9,E26,E11,E9,E11,E9,E26,E27,E26]"
1,Redundant addStoredBlock,"[E5,E5,E5,E22,E9,E11,E9,E11,E9,E11,E26,E26,E26,E27,E23,E23,E23,E21,E21,E21]"
1,Redundant addStoredBlock,"[E22,E5,E5,E5,E11,E9,E11,E9,E11,E9,E26,E26,E18,E25,E27,E26,E16,E6,E5,E26,E21]"
1,Redundant addStoredBlock,"[E22,E5,E5,E5,E11,E9,E11,E9,E11,E9,E26,E26,E25,E18,E26,E27,E5,E16,E26,E6,E21,E23,E23,E23,E23,E21,E20,E21,E21]"
1,Redundant addStoredBlock,"[E22,E5,E5,E5,E11,E9,E11,E9,E11,E9,E26,E26,E25,E18,E26,E27,E5,E16,E6,E26,E21,E23,E23,E23,E23,E21,E21,E20,E21]"
1,Redundant addStoredBlock,"[E22,E5,E5,E5,E11,E9,E11,E9,E11,E9,E26,E26,E25,E18,E26,E27,E5,E6,E26,E16,E21,E23,E23,E23,E23,E21,E20,E21,E21]"
1,Redundant addStoredBlock,"[E22,E5,E5,E5,E11,E9,E11,E9,E11,E9,E26,E26,E26,E27,E3,E3,E4,E3,E4,E3,E23,E23,E23,E21,E21,E21]"
1,Redundant addStoredBlock,"[E22,E5,E5,E5,E11,E9,E11,E9,E11,E9,E26,E26,E27,E26,E3,E3,E4,E3,E3,E4,E23,E23,E23,E21,E21,E21]"
1,Redundant addStoredBlock,"[E22,E5,E5,E5,E11,E9,E11,E9,E11,E9,E26,E26,E27,E26,E3,E3,E4,E4,E3,E3,E23,E23,E23,E21,E21,E21]"
1,Redundant addStoredBlock,"[E22,E5,E5,E5,E11,E9,E11,E9,E11,E9,E26,E26,E27,E26,E3,E4,E3,E3,E4,E3,E23,E23,E23,E21,E21,E21]"
1,Redundant addStoredBlock,"[E22,E5,E5,E5,E11,E9,E11,E9,E11,E9,E26,E27,E26,E26,E3,E3,E4,E23,E23,E23,E21,E21,E21]"
1,Redundant addStoredBlock,"[E22,E5,E5,E5,E11,E9,E11,E9,E11,E9,E27,E26,E26,E26]"
1,Redundant addStoredBlock,"[E22,E5,E5,E5,E11,E9,E11,E9,E26,E11,E9,E26,E26,E27,E23,E23,E23,E21,E21,E21]"
1,Redundant addStoredBlock,"[E22,E5,E5,E5,E11,E9,E11,E9,E26,E11,E9,E26,E26,E27,E4,E4,E3,E23,E23,E23,E21,E21,E21]"
1,Redundant addStoredBlock,"[E22,E5,E5,E5,E11,E9,E11,E9,E26,E11,E9,E26,E27,E26,E23,E23,E23,E21,E21,E21]"
1,Redundant addStoredBlock,"[E22,E5,E5,E5,E11,E9,E11,E9,E26,E11,E9,E26,E27,E26,E4,E3,E4,E23,E23,E23,E21,E21,E21]"
1,Redundant addStoredBlock,"[E22,E5,E5,E5,E11,E9,E11,E9,E26,E26,E11,E9,E26,E27,E2,E23,E23,E23,E21,E21,E21]"
1,Redundant addStoredBlock,"[E22,E5,E5,E5,E11,E9,E11,E9,E26,E26,E27,E11,E9,E26,E23,E23,E23,E21,E21,E21]"
1,Redundant addStoredBlock,"[E22,E5,E5,E5,E11,E9,E11,E9,E27,E26,E26,E26,E11,E9,E3,E3,E3,E3,E3,E3,E3,E3,E23,E23,E23,E21,E21,E21]"
1,Redundant addStoredBlock,"[E22,E5,E5,E5,E11,E9,E26,E11,E9,E11,E9,E26,E26,E27,E25,E18,E5,E6,E16,E26,E26,E21,E23,E23,E23,E23,E21,E21,E20,E21]"
1,Redundant addStoredBlock,"[E22,E5,E5,E5,E11,E9,E26,E26,E11,E9,E11,E9,E26,E27,E2,E2,E23,E23,E23,E21,E21,E21]"
1,Redundant addStoredBlock,"[E22,E5,E5,E5,E11,E9,E26,E26,E11,E9,E11,E9,E26,E27,E2,E23,E23,E23,E21,E21,E21]"
1,Redundant addStoredBlock,"[E22,E5,E5,E5,E11,E9,E26,E26,E11,E9,E11,E9,E26,E27,E2,E4,E3,E4,E23,E23,E23,E21,E21,E21]"
1,Redundant addStoredBlock,"[E22,E5,E5,E5,E11,E9,E26,E26,E11,E9,E11,E9,E26,E27,E3,E3,E4,E3,E3,E4,E3,E3,E4,E23,E23,E23,E21,E21,E21]"
3,Write failed at beginning,"[E5,E22]"
3,Write failed at beginning,"[E22,E5]"
4,Received block that does not belong to any file,"[E22,E5,E5,E5,E26,E26,E26,E11,E9,E11,E9,E11,E9,E23,E23,E23,E21,E21,E28,E26,E21]"
4,Received block that does not belong to any file,"[E22,E5,E5,E5,E26,E26,E26,E11,E9,E11,E9,E11,E9,E2,E23,E23,E23,E21,E21,E28,E26,E21]"
4,Received block that does not belong to any file,"[E22,E5,E5,E5,E26,E26,E26,E11,E9,E11,E9,E11,E9,E3,E3,E4,E3,E3,E4,E3,E3,E4,E23,E23,E23,E21,E21,E28,E26,E21]"
4,Received block that does not belong to any file,"[E22,E5,E5,E5,E26,E26,E26,E11,E9,E11,E9,E11,E9,E3,E3,E4,E3,E3,E4,E3,E3,E4,E3,E3,E4,E23,E23,E23,E21,E21,E28,E26,E21]"
4,Received block that does not belong to any file,"[E5,E5,E5,E22,E11,E9,E11,E9,E11,E9,E26,E26,E26,E4,E3,E4,E23,E23,E23,E21,E21,E28,E26,E21]"
4,Received block that does not belong to any file,"[E22,E5,E5,E5,E26,E26,E26,E11,E9,E11,E9,E11,E9,E3,E4,E3,E3,E4,E3,E3,E4,E3,E23,E23,E23,E21,E21,E28,E26,E21]"
4,Received block that does not belong to any file,"[E5,E5,E5,E22,E11,E9,E11,E9,E11,E9,E26,E26,E26,E4,E4,E3,E23,E23,E23,E21,E21,E28,E26,E21]"
4,Received block that does not belong to any file,"[E5,E5,E5,E22,E11,E9,E11,E9,E11,E9,E26,E26,E26,E4,E4,E3,E2,E23,E23,E23,E21,E21,E28,E26,E21]"
4,Received block that does not belong to any file,"[E22,E5,E5,E5,E26,E26,E26,E11,E9,E11,E9,E11,E9,E4,E3,E4,E2,E2,E2,E23,E23,E23,E21,E21,E28,E26,E21]"
4,Received block that does not belong to any file,"[E5,E5,E5,E22,E11,E9,E11,E9,E11,E9,E26,E26,E26,E4,E3,E4,E2,E23,E23,E23,E21,E21,E28,E26,E21]"
4,Received block that does not belong to any file,"[E5,E22,E5,E5,E11,E9,E11,E9,E11,E9,E26,E26,E26,E4,E4,E3,E23,E23,E23,E21,E21,E28,E26,E21]"
4,Received block that does not belong to any file,"[E5,E5,E22,E5,E11,E9,E11,E9,E11,E9,E26,E26,E26,E4,E4,E3,E2,E23,E23,E23,E21,E21,E28,E26,E21]"
4,Received block that does not belong to any file,"[E22,E5,E5,E5,E26,E26,E26,E11,E9,E11,E9,E11,E9,E2,E2,E23,E23,E23,E21,E21,E28,E26,E21]"
4,Received block that does not belong to any file,"[E22,E5,E5,E5,E26,E26,E26,E11,E9,E11,E9,E11,E9,E3,E3,E4,E3,E3,E4,E3,E4,E3,E23,E23,E23,E21,E21,E28,E26,E21]"
4,Received block that does not belong to any file,"[E22,E5,E5,E5,E26,E26,E26,E11,E9,E11,E9,E11,E9,E3,E3,E4,E3,E4,E3,E3,E3,E4,E23,E23,E23,E21,E21,E28,E26,E21]"
4,Received block that does not belong to any file,"[E5,E5,E22,E5,E11,E9,E11,E9,E11,E9,E26,E26,E26,E4,E4,E3,E23,E23,E23,E21,E21,E28,E26,E21]"
4,Received block that does not belong to any file,"[E22,E5,E5,E5,E26,E26,E26,E11,E9,E11,E9,E11,E9,E3,E4,E3,E3,E3,E4,E3,E4,E3,E23,E23,E23,E21,E21,E28,E26,E21]"
4,Received block that does not belong to any file,"[E5,E5,E22,E5,E11,E9,E11,E9,E11,E9,E26,E26,E26,E4,E3,E4,E2,E23,E23,E23,E21,E21,E28,E26,E21]"
4,Received block that does not belong to any file,"[E22,E5,E5,E5,E26,E26,E11,E9,E11,E9,E26,E11,E9,E23,E23,E23,E21,E21,E28,E26,E21]"
4,Received block that does not belong to any file,"[E22,E5,E5,E5,E26,E26,E26,E11,E9,E11,E9,E11,E9,E3,E3,E4,E3,E3,E4,E3,E3,E4,E3,E4,E3,E23,E23,E23,E21,E21,E28,E26,E21]"
4,Received block that does not belong to any file,"[E22,E5,E5,E5,E26,E26,E26,E11,E9,E11,E9,E11,E9,E4,E3,E4,E3,E4,E3,E4,E23,E23,E23,E21,E21,E28,E26,E21]"
4,Received block that does not belong to any file,"[E5,E22,E5,E5,E11,E9,E11,E9,E11,E9,E26,E26,E26,E4,E4,E3,E2,E23,E23,E23,E21,E21,E28,E26,E21]"
4,Received block that does not belong to any file,"[E22,E5,E5,E5,E26,E26,E11,E9,E11,E9,E11,E9,E26,E3,E3,E3,E3,E3,E3,E3,E3,E23,E23,E23,E21,E21,E28,E26,E21]"
4,Received block that does not belong to any file,"[E22,E5,E5,E5,E26,E26,E26,E11,E9,E11,E9,E11,E9,E3,E3,E4,E3,E4,E3,E3,E4,E3,E23,E23,E23,E21,E21,E28,E26,E21]"
4,Received block that does not belong to any file,"[E22,E5,E5,E5,E26,E26,E26,E11,E9,E11,E9,E11,E9,E3,E3,E4,E3,E4,E3,E3,E4,E3,E3,E3,E4,E23,E23,E23,E21,E21,E28,E26,E21]"
4,Received block that does not belong to any file,"[E22,E5,E5,E5,E26,E26,E26,E11,E9,E11,E9,E11,E9,E3,E4,E3,E4,E3,E3,E4,E3,E3,E23,E23,E23,E21,E21,E28,E26,E21]"
4,Received block that does not belong to any file,"[E22,E5,E5,E5,E26,E26,E26,E11,E9,E11,E9,E11,E9,E4,E3,E4,E2,E23,E23,E23,E21,E21,E28,E26,E21]"
4,Received block that does not belong to any file,"[E22,E5,E5,E5,E26,E26,E26,E11,E9,E11,E9,E11,E9,E4,E4,E3,E2,E23,E23,E23,E21,E21,E28,E26,E21]"
4,Received block that does not belong to any file,"[E5,E22,E5,E5,E11,E9,E11,E9,E11,E9,E26,E26,E26,E4,E3,E4,E2,E23,E23,E23,E21,E21,E28,E26,E21]"
4,Received block that does not belong to any file,"[E5,E5,E22,E5,E11,E9,E11,E9,E11,E9,E26,E26,E26,E4,E3,E4,E23,E23,E23,E21,E21,E28,E26,E21]"
4,Received block that does not belong to any file,"[E22,E5,E5,E5,E26,E11,E9,E26,E26,E11,E9,E11,E9,E23,E23,E23,E21,E21,E28,E26,E21]"
4,Received block that does not belong to any file,"[E22,E5,E5,E5,E26,E26,E26,E11,E9,E11,E9,E11,E9,E3,E3,E3,E3,E3,E3,E23,E23,E23,E21,E21,E28,E26,E21]"
4,Received block that does not belong to any file,"[E22,E5,E5,E5,E26,E26,E26,E11,E9,E11,E9,E11,E9,E3,E3,E3,E3,E3,E3,E3,E3,E23,E23,E23,E21,E21,E28,E26,E21]"
4,Received block that does not belong to any file,"[E22,E5,E5,E5,E26,E26,E26,E11,E9,E11,E9,E11,E9,E3,E3,E4,E3,E3,E4,E3,E4,E3,E3,E4,E3,E23,E23,E23,E21,E21,E28,E26,E21]"
4,Received block that does not belong to any file,"[E22,E5,E5,E5,E26,E26,E26,E11,E9,E11,E9,E11,E9,E3,E3,E4,E3,E4,E3,E3,E4,E3,E3,E4,E3,E23,E23,E23,E21,E21,E28,E26,E21]"
4,Received block that does not belong to any file,"[E22,E5,E5,E5,E26,E26,E26,E11,E9,E11,E9,E11,E9,E3,E4,E3,E3,E3,E4,E3,E3,E4,E23,E23,E23,E21,E21,E28,E26,E21]"
4,Received block that does not belong to any file,"[E22,E5,E5,E5,E26,E26,E26,E11,E9,E11,E9,E11,E9,E3,E4,E3,E3,E4,E3,E3,E3,E4,E23,E23,E23,E21,E21,E28,E26,E21]"
4,Received block that does not belong to any file,"[E22,E5,E5,E5,E26,E26,E26,E11,E9,E11,E9,E11,E9,E4,E3,E4,E2,E2,E23,E23,E23,E21,E21,E28,E26,E21]"
4,Received block that does not belong to any file,"[E22,E5,E5,E5,E26,E26,E26,E11,E9,E11,E9,E11,E9,E4,E3,E4,E3,E4,E3,E23,E23,E23,E21,E21,E28,E26,E21]"
4,Received block that does not belong to any file,"[E22,E5,E5,E5,E26,E26,E26,E11,E9,E11,E9,E11,E9,E4,E4,E3,E2,E2,E2,E23,E23,E23,E21,E21,E28,E26,E21]"
4,Received block that does not belong to any file,"[E5,E22,E5,E5,E11,E9,E11,E9,E11,E9,E26,E26,E26,E4,E3,E4,E23,E23,E23,E21,E21,E28,E26,E21]"
4,Received block that does not belong to any file,"[E22,E5,E5,E5,E11,E9,E11,E9,E11,E9,E26,E26,E26,E4,E4,E3,E2,E23,E23,E23,E21,E21,E28,E26,E21]"
4,Received block that does not belong to any file,"[E22,E5,E5,E5,E26,E26,E11,E9,E11,E9,E11,E9,E26,E3,E3,E4,E3,E4,E3,E3,E3,E4,E23,E23,E23,E21,E21,E28,E26,E21]"
4,Received block that does not belong to any file,"[E22,E5,E5,E5,E26,E26,E11,E9,E11,E9,E11,E9,E26,E4,E3,E4,E2,E23,E23,E23,E21,E21,E28,E26,E21]"
4,Received block that does not belong to any file,"[E22,E5,E5,E5,E26,E26,E26,E11,E9,E11,E9,E11,E9,E3,E3,E4,E3,E3,E4,E3,E4,E3,E3,E3,E4,E23,E23,E23,E21,E21,E28,E26,E21]"
4,Received block that does not belong to any file,"[E22,E5,E5,E5,E26,E26,E26,E11,E9,E11,E9,E11,E9,E3,E4,E3,E3,E3,E4,E4,E3,E3,E23,E23,E23,E21,E21,E28,E26,E21]"
4,Received block that does not belong to any file,"[E22,E5,E5,E5,E26,E26,E26,E11,E9,E11,E9,E11,E9,E4,E3,E3,E4,E3,E3,E4,E3,E3,E23,E23,E23,E21,E21,E28,E26,E21]"
4,Received block that does not belong to any file,"[E5,E5,E5,E22,E11,E9,E11,E9,E11,E9,E26,E26,E26,E4,E3,E4,E2,E2,E23,E23,E23,E21,E21,E28,E26,E21]"
4,Received block that does not belong to any file,"[E5,E5,E5,E22,E11,E9,E11,E9,E11,E9,E26,E26,E26,E4,E4,E3,E2,E2,E2,E23,E23,E23,E21,E21,E28,E26,E21]"
4,Received block that does not belong to any file,"[E5,E5,E5,E22,E11,E9,E11,E9,E11,E9,E28,E26,E28,E26,E28,E26,E21,E21,E21]"
4,Received block that does not belong to any file,"[E22,E5,E5,E5,E11,E9,E26,E26,E26,E11,E9,E11,E9,E23,E23,E23,E21,E21,E28,E26,E21]"
4,Received block that does not belong to any file,"[E22,E5,E5,E5,E11,E9,E26,E26,E26,E11,E9,E11,E9,E3,E3,E4,E3,E3,E4,E3,E3,E4,E3,E3,E4,E23,E23,E23,E21,E21,E28,E26,E21]"
4,Received block that does not belong to any file,"[E22,E5,E5,E5,E26,E11,E9,E11,E9,E11,E9,E26,E26,E23,E23,E23,E21,E21,E28,E26,E21]"
4,Received block that does not belong to any file,"[E22,E5,E5,E5,E26,E11,E9,E26,E26,E11,E9,E11,E9,E3,E3,E4,E3,E3,E4,E3,E3,E4,E3,E3,E4,E23,E23,E23,E21,E21,E28,E26,E21]"
4,Received block that does not belong to any file,"[E22,E5,E5,E5,E26,E26,E11,E9,E11,E9,E11,E9,E26,E3,E3,E4,E3,E3,E4,E3,E3,E4,E23,E23,E23,E21,E21,E28,E26,E21]"
4,Received block that does not belong to any file,"[E22,E5,E5,E5,E26,E26,E11,E9,E11,E9,E11,E9,E26,E3,E3,E4,E3,E3,E4,E3,E3,E4,E3,E3,E4,E23,E23,E23,E21,E21,E28,E26,E21]"
4,Received block that does not belong to any file,"[E22,E5,E5,E5,E26,E26,E11,E9,E11,E9,E11,E9,E26,E3,E4,E3,E3,E3,E4,E3,E3,E4,E23,E23,E23,E21,E21,E28,E26,E21]"
4,Received block that does not belong to any file,"[E22,E5,E5,E5,E26,E26,E11,E9,E11,E9,E26,E11,E9,E3,E4,E3,E3,E3,E4,E3,E3,E4,E23,E23,E23,E21,E21,E28,E26,E21]"
4,Received block that does not belong to any file,"[E22,E5,E5,E5,E26,E26,E26,E11,E9,E11,E9,E11,E9,E3,E3,E4,E3,E4,E3,E3,E4,E3,E4,E3,E3,E23,E23,E23,E21,E21,E28,E26,E21]"
4,Received block that does not belong to any file,"[E22,E5,E5,E5,E26,E26,E26,E11,E9,E11,E9,E11,E9,E3,E3,E4,E4,E3,E3,E3,E4,E3,E23,E23,E23,E21,E21,E28,E26,E21]"
4,Received block that does not belong to any file,"[E22,E5,E5,E5,E26,E26,E26,E11,E9,E11,E9,E11,E9,E3,E3,E4,E4,E3,E3,E4,E3,E3,E23,E23,E23,E21,E21,E28,E26,E21]"
4,Received block that does not belong to any file,"[E22,E5,E5,E5,E26,E26,E26,E11,E9,E11,E9,E11,E9,E3,E4,E3,E3,E3,E4,E3,E3,E4,E3,E4,E3,E23,E23,E23,E21,E21,E28,E26,E21]"
4,Received block that does not belong to any file,"[E22,E5,E5,E5,E26,E26,E26,E11,E9,E11,E9,E11,E9,E3,E4,E3,E3,E3,E4,E3,E4,E3,E3,E3,E4,E23,E23,E23,E21,E21,E28,E26,E21]"
4,Received block that does not belong to any file,"[E22,E5,E5,E5,E26,E26,E26,E11,E9,E11,E9,E11,E9,E3,E4,E3,E3,E3,E4,E3,E4,E3,E3,E4,E3,E23,E23,E23,E21,E21,E28,E26,E21]"
4,Received block that does not belong to any file,"[E22,E5,E5,E5,E26,E26,E26,E11,E9,E11,E9,E11,E9,E3,E4,E3,E3,E3,E4,E3,E4,E3,E4,E3,E3,E23,E23,E23,E21,E21,E28,E26,E21]"
4,Received block that does not belong to any file,"[E22,E5,E5,E5,E26,E26,E26,E11,E9,E11,E9,E11,E9,E3,E4,E3,E3,E4,E3,E3,E4,E3,E3,E3,E4,E23,E23,E23,E21,E21,E28,E26,E21]"
4,Received block that does not belong to any file,"[E22,E5,E5,E5,E26,E26,E26,E11,E9,E11,E9,E11,E9,E3,E4,E3,E3,E4,E3,E3,E4,E3,E3,E4,E23,E23,E23,E21,E21,E28,E26,E21]"
4,Received block that does not belong to any file,"[E22,E5,E5,E5,E26,E26,E26,E11,E9,E11,E9,E11,E9,E3,E4,E3,E3,E4,E3,E3,E4,E3,E3,E4,E3,E23,E23,E23,E21,E21,E28,E26,E21]"
4,Received block that does not belong to any file,"[E22,E5,E5,E5,E26,E26,E26,E11,E9,E11,E9,E11,E9,E4,E4,E3,E2,E2,E23,E23,E23,E21,E21,E28,E26,E21]"
4,Received block that does not belong to any file,"[E5,E22,E5,E5,E11,E9,E11,E9,E11,E9,E26,E26,E26,E4,E3,E4,E2,E2,E23,E23,E23,E21,E21,E28,E26,E21]"
4,Received block that does not belong to any file,"[E5,E22,E5,E5,E11,E9,E26,E11,E9,E11,E9,E26,E26,E4,E4,E3,E2,E23,E23,E23,E21,E21,E28,E26,E21]"
4,Received block that does not belong to any file,"[E5,E5,E22,E5,E11,E9,E11,E9,E11,E9,E26,E26,E26,E3,E2,E23,E23,E23,E21,E21,E28,E26,E21]"
4,Received block that does not belong to any file,"[E5,E5,E22,E5,E11,E9,E11,E9,E26,E26,E11,E9,E26,E4,E3,E4,E2,E23,E23,E23,E21,E21,E28,E26,E21]"
4,Received block that does not belong to any file,"[E5,E5,E5,E22,E11,E9,E11,E9,E26,E26,E11,E9,E26,E4,E4,E3,E2,E23,E23,E23,E21,E21,E28,E26,E21]"
4,Received block that does not belong to any file,"[E22,E5,E5,E5,E11,E9,E11,E9,E11,E9,E26,E26,E26,E3,E23,E23,E23,E21,E21,E28,E26,E21]"
4,Received block that does not belong to any file,"[E22,E5,E5,E5,E11,E9,E11,E9,E11,E9,E26,E26,E26,E4,E3,E4,E2,E23,E23,E23,E21,E21,E28,E26,E21]"
4,Received block that does not belong to any file,"[E22,E5,E5,E5,E11,E9,E11,E9,E26,E26,E26,E11,E9,E23,E23,E23,E21,E21,E28,E26,E21]"
4,Received block that does not belong to any file,"[E22,E5,E5,E5,E11,E9,E11,E9,E26,E26,E26,E11,E9,E3,E3,E4,E3,E3,E4,E3,E4,E3,E23,E23,E23,E21,E21,E28,E26,E21]"
4,Received block that does not belong to any file,"[E22,E5,E5,E5,E11,E9,E26,E26,E26,E11,E9,E11,E9,E2,E23,E23,E23,E21,E21,E28,E26,E21]"
4,Received block that does not belong to any file,"[E22,E5,E5,E5,E26,E11,E9,E11,E9,E11,E9,E26,E26,E4,E3,E4,E2,E2,E23,E23,E23,E21,E21,E28,E26,E21]"
4,Received block that does not belong to any file,"[E22,E5,E5,E5,E26,E11,E9,E11,E9,E26,E26,E11,E9,E3,E4,E3,E4,E3,E3,E4,E3,E3,E3,E4,E3,E23,E23,E23,E21,E21,E28,E26,E21]"
4,Received block that does not belong to any file,"[E22,E5,E5,E5,E26,E11,E9,E11,E9,E26,E26,E11,E9,E4,E3,E4,E2,E2,E2,E23,E23,E23,E21,E21,E28,E26,E21]"
4,Received block that does not belong to any file,"[E22,E5,E5,E5,E26,E11,E9,E11,E9,E26,E26,E11,E9,E4,E3,E4,E3,E4,E3,E23,E23,E23,E21,E21,E28,E26,E21]"
4,Received block that does not belong to any file,"[E22,E5,E5,E5,E26,E11,E9,E26,E26,E11,E9,E11,E9,E3,E3,E3,E3,E3,E3,E23,E23,E23,E21,E21,E28,E26,E21]"
4,Received block that does not belong to any file,"[E22,E5,E5,E5,E26,E11,E9,E26,E26,E11,E9,E11,E9,E3,E3,E4,E3,E3,E4,E3,E3,E4,E23,E23,E23,E21,E21,E28,E26,E21]"
4,Received block that does not belong to any file,"[E22,E5,E5,E5,E26,E11,E9,E26,E26,E11,E9,E11,E9,E3,E3,E4,E3,E4,E3,E3,E3,E4,E23,E23,E23,E21,E21,E28,E26,E21]"
4,Received block that does not belong to any file,"[E22,E5,E5,E5,E26,E11,E9,E26,E26,E11,E9,E11,E9,E3,E4,E3,E3,E4,E3,E3,E4,E3,E4,E3,E3,E23,E23,E23,E21,E21,E28,E26,E21]"
4,Received block that does not belong to any file,"[E22,E5,E5,E5,E26,E26,E11,E9,E11,E9,E11,E9,E26,E23,E23,E23,E21,E21,E28,E26,E21]"
4,Received block that does not belong to any file,"[E22,E5,E5,E5,E26,E26,E11,E9,E11,E9,E11,E9,E26,E3,E3,E4,E3,E3,E4,E3,E3,E4,E3,E4,E3,E23,E23,E23,E21,E21,E28,E26,E21]"
4,Received block that does not belong to any file,"[E22,E5,E5,E5,E26,E26,E11,E9,E11,E9,E11,E9,E26,E3,E3,E4,E3,E4,E3,E3,E3,E4,E3,E3,E4,E23,E23,E23,E21,E21,E28,E26,E21]"
4,Received block that does not belong to any file,"[E22,E5,E5,E5,E26,E26,E11,E9,E11,E9,E11,E9,E26,E3,E4,E3,E3,E4,E3,E4,E3,E3,E23,E23,E23,E21,E21,E28,E26,E21]"
4,Received block that does not belong to any file,"[E22,E5,E5,E5,E26,E26,E11,E9,E11,E9,E11,E9,E26,E4,E3,E4,E2,E2,E2,E23,E23,E23,E21,E21,E28,E26,E21]"
4,Received block that does not belong to any file,"[E22,E5,E5,E5,E26,E26,E11,E9,E11,E9,E26,E11,E9,E3,E3,E4,E3,E3,E4,E3,E3,E4,E23,E23,E23,E21,E21,E28,E26,E21]"
4,Received block that does not belong to any file,"[E22,E5,E5,E5,E26,E26,E11,E9,E11,E9,E26,E11,E9,E3,E3,E4,E3,E3,E4,E3,E3,E4,E3,E3,E4,E23,E23,E23,E21,E21,E28,E26,E21]"
4,Received block that does not belong to any file,"[E22,E5,E5,E5,E26,E26,E11,E9,E11,E9,E26,E11,E9,E3,E3,E4,E3,E3,E4,E3,E4,E3,E23,E23,E23,E21,E21,E28,E26,E21]"
4,Received block that does not belong to any file,"[E22,E5,E5,E5,E26,E26,E11,E9,E11,E9,E26,E11,E9,E3,E3,E4,E3,E4,E3,E3,E4,E3,E23,E23,E23,E21,E21,E28,E26,E21]"
4,Received block that does not belong to any file,"[E22,E5,E5,E5,E26,E26,E11,E9,E11,E9,E26,E11,E9,E3,E3,E4,E3,E4,E3,E3,E4,E3,E4,E3,E3,E23,E23,E23,E21,E21,E28,E26,E21]"
4,Received block that does not belong to any file,"[E22,E5,E5,E5,E26,E26,E11,E9,E11,E9,E26,E11,E9,E3,E4,E3,E3,E4,E3,E3,E3,E4,E23,E23,E23,E21,E21,E28,E26,E21]"
4,Received block that does not belong to any file,"[E22,E5,E5,E5,E26,E26,E11,E9,E11,E9,E26,E11,E9,E3,E4,E3,E3,E4,E3,E3,E4,E3,E23,E23,E23,E21,E21,E28,E26,E21]"
4,Received block that does not belong to any file,"[E22,E5,E5,E5,E26,E26,E11,E9,E11,E9,E26,E11,E9,E3,E4,E3,E4,E3,E3,E3,E4,E3,E23,E23,E23,E21,E21,E28,E26,E21]"
5,Namenode not updated after deleting block,"[E5,E5,E5,E22,E11,E9,E11,E9,E11,E9,E26,E26,E26,E23,E23,E23,E21,E21,E21,E20]"
5,Namenode not updated after deleting block,"[E5,E5,E5,E22,E11,E9,E11,E9,E11,E9,E26,E26,E26,E23,E23,E23,E21,E21,E20,E21]"
5,Namenode not updated after deleting block,"[E5,E5,E5,E22,E11,E9,E11,E9,E11,E9,E26,E26,E26,E23,E23,E23,E21,E20,E21,E21]"
5,Namenode not updated after deleting block,"[E5,E22,E5,E5,E11,E9,E11,E9,E11,E9,E26,E26,E26,E23,E23,E23,E21,E21,E21,E20]"
5,Namenode not updated after deleting block,"[E5,E22,E5,E5,E11,E9,E11,E9,E11,E9,E26,E26,E26,E23,E23,E23,E21,E20,E21,E21]"
5,Namenode not updated after deleting block,"[E5,E22,E5,E5,E11,E9,E11,E9,E11,E9,E26,E26,E26,E23,E23,E23,E21,E21,E20,E21]"
5,Namenode not updated after deleting block,"[E5,E5,E22,E5,E11,E9,E11,E9,E11,E9,E26,E26,E26,E23,E23,E23,E21,E20,E21,E21]"
5,Namenode not updated after deleting block,"[E5,E5,E22,E5,E11,E9,E11,E9,E11,E9,E26,E26,E26,E23,E23,E23,E21,E21,E20,E21]"
5,Namenode not updated after deleting block,"[E5,E5,E22,E5,E11,E9,E11,E9,E11,E9,E26,E26,E26,E23,E23,E23,E21,E21,E21,E20]"
5,Namenode not updated after deleting block,"[E22,E5,E5,E5,E26,E26,E26,E11,E9,E11,E9,E11,E9,E23,E23,E23,E21,E21,E20,E21]"
5,Namenode not updated after deleting block,"[E22,E5,E5,E5,E26,E26,E26,E11,E9,E11,E9,E11,E9,E23,E23,E23,E21,E21,E21,E20]"
5,Namenode not updated after deleting block,"[E22,E5,E5,E5,E11,E9,E11,E9,E11,E9,E26,E26,E26,E23,E23,E23,E21,E20,E21,E21]"
5,Namenode not updated after deleting block,"[E22,E5,E5,E5,E11,E9,E11,E9,E11,E9,E26,E26,E26,E23,E23,E23,E21,E21,E21,E20]"
5,Namenode not updated after deleting block,"[E22,E5,E5,E5,E11,E9,E11,E9,E11,E9,E26,E26,E26,E23,E23,E23,E21,E21,E20,E21]"
5,Namenode not updated after deleting block,"[E22,E5,E5,E5,E26,E26,E26,E11,E9,E11,E9,E11,E9,E23,E23,E23,E21,E20,E21,E21]"
5,Namenode not updated after deleting block,"[E5,E5,E5,E22,E11,E9,E11,E9,E26,E26,E11,E9,E26,E23,E23,E23,E21,E21,E20,E21]"
5,Namenode not updated after deleting block,"[E5,E5,E5,E22,E11,E9,E11,E9,E26,E26,E11,E9,E26,E23,E23,E23,E21,E21,E21,E20]"
5,Namenode not updated after deleting block,"[E5,E5,E5,E22,E11,E9,E11,E9,E26,E26,E11,E9,E26,E23,E23,E23,E21,E20,E21,E21]"
5,Namenode not updated after deleting block,"[E5,E5,E5,E22,E11,E9,E26,E11,E9,E11,E9,E26,E26,E23,E23,E23,E21,E20,E21,E21]"
5,Namenode not updated after deleting block,"[E5,E5,E5,E22,E11,E9,E26,E11,E9,E11,E9,E26,E26,E23,E23,E23,E21,E21,E20,E21]"
5,Namenode not updated after deleting block,"[E5,E5,E22,E5,E11,E9,E11,E9,E26,E26,E11,E9,E26,E23,E23,E23,E21,E20,E21,E21]"
5,Namenode not updated after deleting block,"[E5,E5,E5,E22,E11,E9,E11,E9,E11,E9,E26,E26,E26,E25,E18,E5,E16,E6,E26,E26,E21,E23,E23,E23,E23,E20,E21,E21,E21]"
5,Namenode not updated after deleting block,"[E22,E5,E5,E5,E26,E26,E26,E11,E9,E11,E9,E11,E9,E2,E23,E23,E23,E21,E21,E20,E21]"
5,Namenode not updated after deleting block,"[E5,E5,E5,E22,E11,E9,E11,E9,E11,E9,E26,E26,E26,E2,E23,E23,E23,E21,E21,E20,E21]"
5,Namenode not updated after deleting block,"[E22,E5,E5,E5,E26,E26,E26,E11,E9,E11,E9,E11,E9,E2,E23,E23,E23,E21,E21,E21,E20]"
5,Namenode not updated after deleting block,"[E5,E22,E5,E5,E11,E9,E11,E9,E26,E26,E11,E9,E26,E23,E23,E23,E21,E20,E21,E21]"
5,Namenode not updated after deleting block,"[E5,E5,E22,E5,E11,E9,E11,E9,E26,E26,E11,E9,E26,E23,E23,E23,E21,E21,E21,E20]"
5,Namenode not updated after deleting block,"[E5,E22,E5,E5,E11,E9,E11,E9,E26,E26,E11,E9,E26,E23,E23,E23,E21,E21,E20,E21]"
5,Namenode not updated after deleting block,"[E5,E5,E5,E22,E11,E9,E11,E9,E11,E9,E26,E26,E26,E2,E23,E23,E23,E21,E21,E21,E20]"
5,Namenode not updated after deleting block,"[E5,E22,E5,E5,E11,E9,E11,E9,E26,E26,E11,E9,E26,E23,E23,E23,E21,E21,E21,E20]"
5,Namenode not updated after deleting block,"[E5,E5,E22,E5,E11,E9,E11,E9,E26,E26,E11,E9,E26,E23,E23,E23,E21,E21,E20,E21]"
5,Namenode not updated after deleting block,"[E5,E5,E5,E22,E11,E9,E11,E9,E11,E9,E26,E26,E26,E25,E18,E5,E6,E16,E26,E26,E21,E23,E23,E23,E23,E21,E20,E21,E21]"
5,Namenode not updated after deleting block,"[E5,E5,E5,E22,E11,E9,E11,E9,E11,E9,E26,E26,E26,E25,E18,E5,E6,E16,E26,E26,E21,E23,E23,E23,E23,E21,E21,E20,E21]"
5,Namenode not updated after deleting block,"[E22,E5,E5,E5,E26,E26,E26,E11,E9,E11,E9,E11,E9,E3,E3,E4,E3,E3,E4,E3,E3,E4,E23,E23,E23,E21,E21,E21,E20]"
5,Namenode not updated after deleting block,"[E5,E5,E5,E22,E11,E9,E11,E9,E11,E9,E26,E26,E26,E25,E18,E5,E16,E6,E26,E26,E21,E23,E23,E23,E23,E21,E20,E21,E21]"
5,Namenode not updated after deleting block,"[E5,E5,E5,E22,E11,E9,E26,E11,E9,E11,E9,E26,E26,E23,E23,E23,E21,E21,E21,E20]"
5,Namenode not updated after deleting block,"[E5,E22,E5,E5,E11,E9,E26,E11,E9,E11,E9,E26,E26,E23,E23,E23,E21,E21,E20,E21]"
5,Namenode not updated after deleting block,"[E5,E5,E22,E5,E11,E9,E11,E9,E11,E9,E26,E26,E26,E25,E18,E5,E6,E16,E26,E26,E21,E23,E23,E23,E23,E21,E20,E21,E21]"
5,Namenode not updated after deleting block,"[E5,E5,E22,E5,E11,E9,E26,E11,E9,E11,E9,E26,E26,E23,E23,E23,E21,E21,E21,E20]"
5,Namenode not updated after deleting block,"[E5,E5,E5,E22,E11,E9,E11,E9,E26,E11,E9,E26,E26,E23,E23,E23,E21,E21,E21,E20]"
5,Namenode not updated after deleting block,"[E22,E5,E5,E5,E26,E26,E26,E11,E9,E11,E9,E11,E9,E3,E3,E4,E3,E3,E4,E3,E3,E4,E23,E23,E23,E21,E21,E20,E21]"
5,Namenode not updated after deleting block,"[E5,E22,E5,E5,E11,E9,E11,E9,E11,E9,E26,E26,E26,E2,E23,E23,E23,E21,E20,E21,E21]"
5,Namenode not updated after deleting block,"[E5,E5,E22,E5,E11,E9,E26,E11,E9,E11,E9,E26,E26,E23,E23,E23,E21,E21,E20,E21]"
5,Namenode not updated after deleting block,"[E5,E5,E5,E22,E11,E9,E11,E9,E11,E9,E26,E26,E26,E2,E23,E23,E23,E21,E20,E21,E21]"
5,Namenode not updated after deleting block,"[E5,E5,E5,E22,E11,E9,E11,E9,E26,E11,E9,E26,E26,E23,E23,E23,E21,E21,E20,E21]"
5,Namenode not updated after deleting block,"[E5,E22,E5,E5,E11,E9,E11,E9,E11,E9,E26,E26,E26,E2,E23,E23,E23,E21,E21,E21,E20]"
5,Namenode not updated after deleting block,"[E5,E22,E5,E5,E11,E9,E11,E9,E11,E9,E26,E26,E26,E25,E18,E5,E16,E6,E26,E26,E21,E23,E23,E23,E23,E20,E21,E21,E21]"
5,Namenode not updated after deleting block,"[E5,E22,E5,E5,E11,E9,E26,E11,E9,E11,E9,E26,E26,E23,E23,E23,E21,E20,E21,E21]"
5,Namenode not updated after deleting block,"[E5,E5,E5,E22,E11,E9,E11,E9,E11,E9,E26,E26,E26,E25,E18,E5,E16,E6,E26,E26,E21,E23,E23,E23,E23,E21,E21,E20,E21]"
5,Namenode not updated after deleting block,"[E5,E22,E5,E5,E11,E9,E11,E9,E11,E9,E26,E26,E26,E25,E18,E5,E6,E16,E26,E26,E21,E23,E23,E23,E23,E21,E21,E20,E21]"
5,Namenode not updated after deleting block,"[E5,E22,E5,E5,E11,E9,E26,E11,E9,E11,E9,E26,E26,E23,E23,E23,E21,E21,E21,E20]"
5,Namenode not updated after deleting block,"[E5,E5,E22,E5,E11,E9,E11,E9,E26,E11,E9,E26,E26,E23,E23,E23,E21,E21,E21,E20]"
5,Namenode not updated after deleting block,"[E5,E5,E5,E22,E11,E9,E11,E9,E11,E9,E26,E26,E26,E25,E18,E5,E6,E16,E26,E26,E21,E23,E23,E23,E23,E20,E21,E21,E21]"
5,Namenode not updated after deleting block,"[E5,E5,E5,E22,E11,E9,E11,E9,E26,E11,E9,E26,E26,E23,E23,E23,E21,E20,E21,E21]"
5,Namenode not updated after deleting block,"[E22,E5,E5,E5,E11,E9,E11,E9,E26,E26,E11,E9,E26,E23,E23,E23,E21,E20,E21,E21]"
5,Namenode not updated after deleting block,"[E22,E5,E5,E5,E26,E26,E26,E11,E9,E11,E9,E11,E9,E2,E23,E23,E23,E21,E20,E21,E21]"
5,Namenode not updated after deleting block,"[E5,E22,E5,E5,E11,E9,E11,E9,E11,E9,E26,E26,E26,E25,E18,E5,E16,E6,E26,E26,E21,E23,E23,E23,E23,E21,E20,E21,E21]"
5,Namenode not updated after deleting block,"[E5,E5,E22,E5,E11,E9,E11,E9,E11,E9,E26,E26,E26,E25,E18,E5,E16,E6,E26,E26,E21,E23,E23,E23,E23,E21,E21,E20,E21]"
5,Namenode not updated after deleting block,"[E5,E5,E22,E5,E11,E9,E11,E9,E11,E9,E26,E26,E26,E25,E18,E5,E6,E16,E26,E26,E21,E23,E23,E23,E23,E20,E21,E21,E21]"
5,Namenode not updated after deleting block,"[E5,E5,E22,E5,E11,E9,E26,E11,E9,E11,E9,E26,E26,E23,E23,E23,E21,E20,E21,E21]"
5,Namenode not updated after deleting block,"[E5,E5,E5,E22,E11,E9,E11,E9,E26,E26,E26,E11,E9,E23,E23,E23,E21,E21,E21,E20]"
5,Namenode not updated after deleting block,"[E22,E5,E5,E5,E11,E9,E11,E9,E26,E26,E11,E9,E26,E23,E23,E23,E21,E21,E20,E21]"
5,Namenode not updated after deleting block,"[E22,E5,E5,E5,E11,E9,E11,E9,E26,E26,E11,E9,E26,E23,E23,E23,E21,E21,E21,E20]"
5,Namenode not updated after deleting block,"[E5,E22,E5,E5,E11,E9,E11,E9,E26,E11,E9,E26,E26,E23,E23,E23,E21,E21,E20,E21]"
5,Namenode not updated after deleting block,"[E5,E22,E5,E5,E11,E9,E26,E26,E11,E9,E11,E9,E26,E23,E23,E23,E21,E21,E20,E21]"
5,Namenode not updated after deleting block,"[E5,E5,E22,E5,E11,E9,E11,E9,E11,E9,E26,E26,E26,E2,E23,E23,E23,E21,E21,E21,E20]"
5,Namenode not updated after deleting block,"[E5,E5,E22,E5,E11,E9,E11,E9,E11,E9,E26,E26,E26,E25,E18,E5,E16,E6,E26,E26,E21,E23,E23,E23,E23,E20,E21,E21,E21]"
5,Namenode not updated after deleting block,"[E5,E5,E22,E5,E11,E9,E11,E9,E11,E9,E26,E26,E26,E25,E18,E5,E6,E16,E26,E26,E21,E23,E23,E23,E23,E21,E21,E20,E21]"
5,Namenode not updated after deleting block,"[E5,E5,E22,E5,E11,E9,E11,E9,E11,E9,E26,E26,E26,E3,E3,E4,E3,E3,E4,E23,E23,E23,E21,E20,E21,E21]"
5,Namenode not updated after deleting block,"[E5,E5,E5,E22,E11,E9,E26,E26,E11,E9,E11,E9,E26,E23,E23,E23,E21,E21,E21,E20]"
5,Namenode not updated after deleting block,"[E22,E5,E5,E5,E11,E9,E26,E26,E26,E11,E9,E11,E9,E23,E23,E23,E21,E20,E21,E21]"
5,Namenode not updated after deleting block,"[E22,E5,E5,E5,E26,E26,E11,E9,E11,E9,E11,E9,E26,E23,E23,E23,E21,E21,E20,E21]"
5,Namenode not updated after deleting block,"[E22,E5,E5,E5,E26,E26,E26,E11,E9,E11,E9,E11,E9,E3,E3,E4,E3,E3,E4,E3,E4,E3,E23,E23,E23,E21,E21,E20,E21]"
5,Namenode not updated after deleting block,"[E22,E5,E5,E5,E26,E26,E26,E11,E9,E11,E9,E11,E9,E3,E3,E4,E3,E4,E3,E3,E3,E4,E23,E23,E23,E21,E21,E21,E20]"
5,Namenode not updated after deleting block,"[E5,E22,E5,E5,E11,E9,E11,E9,E26,E11,E9,E26,E26,E23,E23,E23,E21,E21,E21,E20]"
5,Namenode not updated after deleting block,"[E5,E5,E22,E5,E11,E9,E11,E9,E26,E26,E26,E11,E9,E23,E23,E23,E21,E20,E21,E21]"
5,Namenode not updated after deleting block,"[E5,E5,E22,E5,E11,E9,E11,E9,E26,E26,E26,E11,E9,E23,E23,E23,E21,E21,E21,E20]"
5,Namenode not updated after deleting block,"[E5,E5,E5,E22,E11,E9,E11,E9,E11,E9,E26,E26,E26,E3,E3,E4,E3,E3,E4,E23,E23,E23,E21,E21,E20,E21]"
5,Namenode not updated after deleting block,"[E22,E5,E5,E5,E11,E9,E26,E11,E9,E11,E9,E26,E26,E23,E23,E23,E21,E21,E20,E21]"
5,Namenode not updated after deleting block,"[E22,E5,E5,E5,E11,E9,E26,E11,E9,E11,E9,E26,E26,E23,E23,E23,E21,E21,E21,E20]"
5,Namenode not updated after deleting block,"[E22,E5,E5,E5,E26,E26,E26,E11,E9,E11,E9,E11,E9,E3,E3,E4,E3,E3,E4,E3,E4,E3,E23,E23,E23,E21,E21,E21,E20]"
5,Namenode not updated after deleting block,"[E22,E5,E5,E5,E26,E26,E26,E11,E9,E11,E9,E11,E9,E3,E4,E3,E3,E4,E3,E3,E4,E3,E23,E23,E23,E21,E20,E21,E21]"
5,Namenode not updated after deleting block,"[E5,E22,E5,E5,E11,E9,E11,E9,E11,E9,E26,E26,E26,E25,E18,E5,E6,E16,E26,E26,E21,E23,E23,E23,E23,E20,E21,E21,E21]"
5,Namenode not updated after deleting block,"[E5,E22,E5,E5,E26,E11,E9,E11,E9,E11,E9,E26,E26,E23,E23,E23,E21,E21,E21,E20]"
5,Namenode not updated after deleting block,"[E5,E5,E22,E5,E11,E9,E11,E9,E11,E9,E26,E26,E26,E2,E23,E23,E23,E21,E20,E21,E21]"
5,Namenode not updated after deleting block,"[E5,E5,E22,E5,E11,E9,E11,E9,E11,E9,E26,E26,E26,E25,E18,E5,E16,E6,E26,E26,E21,E23,E23,E23,E23,E21,E20,E21,E21]"
5,Namenode not updated after deleting block,"[E5,E5,E22,E5,E11,E9,E11,E9,E26,E11,E9,E26,E26,E23,E23,E23,E21,E20,E21,E21]"
5,Namenode not updated after deleting block,"[E5,E5,E22,E5,E11,E9,E11,E9,E26,E11,E9,E26,E26,E23,E23,E23,E21,E21,E20,E21]"
5,Namenode not updated after deleting block,"[E5,E5,E5,E22,E11,E9,E11,E9,E26,E26,E26,E11,E9,E23,E23,E23,E21,E21,E20,E21]"
5,Namenode not updated after deleting block,"[E5,E5,E5,E22,E11,E9,E11,E9,E9,E26,E26,E26,E11,E23,E23,E23,E21,E21,E20,E21]"
5,Namenode not updated after deleting block,"[E5,E5,E5,E22,E11,E9,E26,E26,E11,E9,E11,E9,E26,E23,E23,E23,E21,E21,E20,E21]"
5,Namenode not updated after deleting block,"[E22,E5,E5,E5,E11,E9,E11,E9,E26,E26,E26,E11,E9,E23,E23,E23,E21,E21,E20,E21]"
5,Namenode not updated after deleting block,"[E22,E5,E5,E5,E26,E26,E11,E9,E11,E9,E26,E11,E9,E23,E23,E23,E21,E21,E20,E21]"
5,Namenode not updated after deleting block,"[E22,E5,E5,E5,E26,E26,E26,E11,E9,E11,E9,E11,E9,E3,E3,E4,E3,E3,E4,E3,E3,E4,E23,E23,E23,E21,E20,E21,E21]"
5,Namenode not updated after deleting block,"[E22,E5,E5,E5,E26,E26,E26,E11,E9,E11,E9,E11,E9,E3,E3,E4,E3,E4,E3,E3,E4,E3,E23,E23,E23,E21,E21,E21,E20]"
5,Namenode not updated after deleting block,"[E22,E5,E5,E5,E26,E26,E26,E11,E9,E11,E9,E11,E9,E3,E4,E3,E3,E3,E4,E3,E4,E3,E23,E23,E23,E21,E21,E21,E20]"
5,Namenode not updated after deleting block,"[E22,E5,E5,E5,E26,E26,E26,E11,E9,E11,E9,E11,E9,E4,E3,E3,E4,E3,E3,E4,E3,E3,E23,E23,E23,E21,E21,E20,E21]"
5,Namenode not updated after deleting block,"[E5,E22,E5,E5,E11,E9,E11,E9,E11,E9,E26,E26,E26,E2,E23,E23,E23,E21,E21,E20,E21]"
5,Namenode not updated after deleting block,"[E5,E22,E5,E5,E11,E9,E11,E9,E11,E9,E26,E26,E26,E25,E18,E5,E16,E6,E26,E26,E21,E23,E23,E23,E23,E21,E21,E20,E21]"
5,Namenode not updated after deleting block,"[E5,E22,E5,E5,E11,E9,E11,E9,E11,E9,E26,E26,E26,E25,E18,E5,E6,E16,E26,E26,E21,E23,E23,E23,E23,E21,E20,E21,E21]"
7,Empty packet for block,"[E5,E5,E5,E22,E13,E11,E9,E13,E11,E9,E13,E11,E9,E26,E26,E26,E23,E23,E23,E21,E21,E21]"
7,Empty packet for block,"[E5,E5,E22,E5,E13,E11,E9,E13,E11,E9,E13,E11,E9,E26,E26,E26,E23,E23,E23,E21,E21,E21]"
7,Empty packet for block,"[E5,E22,E5,E5,E13,E11,E9,E13,E11,E9,E13,E11,E9,E26,E26,E26,E23,E23,E23,E21,E21,E21]"
7,Empty packet for block,"[E5,E5,E5,E22,E13,E11,E9,E13,E11,E9,E13,E11,E9,E26,E26,E26]"
7,Empty packet for block,"[E5,E22,E5,E5,E13,E11,E9,E13,E11,E9,E13,E11,E9,E26,E26,E26]"
7,Empty packet for block,"[E22,E5,E5,E5,E13,E11,E9,E13,E11,E9,E13,E11,E9,E26,E26,E26,E23,E23,E23,E21,E21,E21]"
7,Empty packet for block,"[E5,E5,E22,E5,E13,E11,E9,E13,E11,E9,E13,E11,E9,E26,E26,E26]"
7,Empty packet for block,"[E22,E5,E5,E5,E26,E26,E26,E13,E11,E9,E13,E11,E9,E13,E11,E9,E3,E2,E23,E23,E23,E21,E21,E21]"
7,Empty packet for block,"[E22,E5,E5,E5,E26,E26,E26,E13,E11,E9,E13,E11,E9,E13,E11,E9,E3,E23,E23,E23,E21,E21,E21]"
7,Empty packet for block,"[E5,E22,E5,E5,E13,E13,E11,E9,E13,E11,E9,E11,E9,E26,E26,E26,E23,E23,E23,E21,E21,E21]"
7,Empty packet for block,"[E22,E5,E5,E5,E26,E26,E26,E13,E11,E9,E13,E11,E9,E13,E11,E9,E3,E2,E2,E23,E23,E23,E21,E21,E21]"
7,Empty packet for block,"[E5,E5,E22,E5,E13,E11,E9,E13,E11,E9,E13,E11,E9,E26,E26,E26,E3,E23,E23,E23,E21,E21,E21]"
7,Empty packet for block,"[E5,E5,E22,E5,E13,E13,E13,E11,E9,E11,E9,E11,E9,E26,E26,E26,E23,E23,E23,E21,E21,E21]"
7,Empty packet for block,"[E5,E5,E5,E22,E13,E11,E9,E13,E11,E9,E13,E11,E9,E26,E26,E26,E3,E23,E23,E23,E21,E21,E21]"
7,Empty packet for block,"[E5,E5,E5,E22,E13,E13,E13,E11,E9,E11,E9,E11,E9,E26,E26,E26,E23,E23,E23,E21,E21,E21]"
7,Empty packet for block,"[E5,E22,E5,E5,E13,E13,E11,E9,E11,E9,E13,E11,E9,E26,E26,E26,E23,E23,E23,E21,E21,E21]"
7,Empty packet for block,"[E5,E5,E22,E5,E13,E13,E11,E9,E13,E11,E9,E11,E9,E26,E26,E26,E23,E23,E23,E21,E21,E21]"
7,Empty packet for block,"[E22,E5,E5,E5,E13,E11,E9,E13,E11,E9,E13,E11,E9,E26,E26,E26]"
7,Empty packet for block,"[E22,E5,E5,E5,E26,E26,E26,E13,E11,E9,E13,E11,E9,E13,E11,E9,E2,E3,E23,E23,E23,E21,E21,E21]"
7,Empty packet for block,"[E5,E22,E5,E5,E13,E13,E13,E11,E9,E11,E9,E11,E9,E26,E26,E26,E23,E23,E23,E21,E21,E21]"
7,Empty packet for block,"[E5,E5,E22,E5,E13,E13,E11,E9,E11,E9,E13,E11,E9,E26,E26,E26,E23,E23,E23,E21,E21,E21]"
7,Empty packet for block,"[E5,E5,E5,E22,E13,E11,E9,E13,E11,E9,E13,E26,E26,E11,E9,E26,E23,E23,E23,E21,E21,E21]"
7,Empty packet for block,"[E5,E5,E5,E22,E13,E13,E11,E9,E11,E9,E13,E11,E9,E26,E26,E26]"
7,Empty packet for block,"[E5,E5,E5,E22,E13,E13,E13,E11,E9,E11,E9,E11,E9,E26,E26,E26,E3,E23,E23,E23,E21,E21,E21]"
7,Empty packet for block,"[E5,E5,E5,E22,E13,E13,E13,E11,E9,E11,E9,E11,E9,E26,E26,E26]"
7,Empty packet for block,"[E13,E5,E11,E9,E13,E5,E11,E9,E13,E5,E11,E9,E26,E26,E26,E22,E23,E23,E23,E21,E21,E21]"
7,Empty packet for block,"[E22,E5,E5,E5,E13,E11,E9,E13,E11,E9,E13,E11,E9,E26,E26,E26,E2]"
7,Empty packet for block,"[E22,E5,E5,E5,E13,E11,E9,E13,E11,E9,E26,E26,E26,E13,E11,E9,E23,E23,E23,E21,E21,E21]"
7,Empty packet for block,"[E22,E5,E5,E5,E13,E26,E26,E26,E13,E11,E9,E11,E9,E13,E11,E9,E3,E2,E23,E23,E23,E21,E21,E21]"
7,Empty packet for block,"[E22,E5,E5,E5,E26,E26,E13,E11,E9,E13,E11,E9,E13,E11,E9,E26,E3,E2,E23,E23,E23,E21,E21,E21]"
7,Empty packet for block,"[E22,E5,E5,E5,E26,E26,E13,E11,E9,E13,E11,E9,E13,E11,E9,E26,E3,E23,E23,E23,E21,E21,E21]"
7,Empty packet for block,"[E22,E5,E5,E5,E26,E26,E26,E13,E11,E9,E13,E11,E9,E13,E11,E9,E2,E3,E2,E2,E23,E23,E23,E21,E21,E21]"
7,Empty packet for block,"[E22,E5,E5,E5,E26,E26,E26,E13,E11,E9,E13,E11,E9,E13,E11,E9,E4,E3,E4,E3,E4,E3,E4,E23,E23,E23,E21,E21,E21]"
7,Empty packet for block,"[E5,E22,E13,E5,E11,E9,E13,E5,E11,E9,E13,E11,E9,E26,E26,E26,E23,E23,E23,E21,E21,E21]"
7,Empty packet for block,"[E5,E22,E5,E5,E13,E11,E9,E13,E11,E9,E13,E11,E9,E26,E26,E26,E3,E23,E23,E23,E21,E21,E21]"
7,Empty packet for block,"[E5,E22,E5,E5,E13,E13,E11,E9,E13,E26,E11,E9,E11,E9,E26,E26,E23,E23,E23,E21,E21,E21]"
7,Empty packet for block,"[E5,E22,E5,E5,E13,E13,E13,E11,E9,E26,E11,E9,E11,E9,E26,E26]"
7,Empty packet for block,"[E5,E5,E22,E13,E11,E9,E13,E5,E11,E9,E13,E11,E9,E26,E26,E26,E23,E23,E23,E21,E21,E21]"
7,Empty packet for block,"[E5,E5,E22,E5,E13,E11,E9,E13,E11,E9,E13,E11,E9,E26,E26,E26,E3,E2,E2,E23,E23,E23,E21,E21,E21]"
7,Empty packet for block,"[E5,E5,E22,E5,E13,E13,E11,E9,E13,E11,E9,E11,E9,E26,E26,E26,E4,E3,E4,E23,E23,E23,E21,E21,E21]"
7,Empty packet for block,"[E5,E5,E5,E22,E13,E11,E9,E13,E13,E26,E11,E9,E11,E9,E26,E26,E23,E23,E23,E21,E21,E21]"
7,Empty packet for block,"[E5,E5,E5,E22,E13,E13,E11,E9,E11,E9,E13,E11,E9,E26,E26,E26,E23,E23,E23,E21,E21,E21]"
7,Empty packet for block,"[E5,E5,E5,E22,E13,E13,E11,E9,E13,E11,E9,E11,E9,E26,E26,E26,E23,E23,E23,E21,E21,E21]"
7,Empty packet for block,"[E5,E5,E5,E22,E13,E13,E13,E11,E9,E26,E11,E9,E11,E9,E26,E26,E23,E23,E23,E21,E21,E21]"
7,Empty packet for block,"[E13,E5,E11,E9,E13,E5,E11,E9,E13,E5,E11,E9,E22,E26,E26,E26,E23,E23,E23,E21,E21,E21]"
7,Empty packet for block,"[E13,E5,E11,E9,E13,E5,E11,E9,E13,E5,E11,E9,E26,E22,E26,E26,E23,E23,E23,E21,E21,E21]"
7,Empty packet for block,"[E13,E5,E11,E9,E13,E5,E11,E9,E13,E5,E11,E9,E26,E26,E26,E22,E3,E2,E23,E23,E23,E21,E21,E21]"
7,Empty packet for block,"[E13,E5,E11,E9,E13,E5,E11,E9,E13,E5,E11,E9,E26,E26,E26,E22]"
7,Empty packet for block,"[E13,E5,E11,E9,E13,E5,E9,E13,E5,E11,E9,E22,E26,E26,E26,E11,E23,E23,E23,E21,E21,E21]"
7,Empty packet for block,"[E13,E5,E11,E9,E5,E5,E26,E22,E26,E13,E11,E9,E13,E11,E9,E26,E23,E23,E23,E21,E21,E21]"
7,Empty packet for block,"[E13,E5,E13,E5,E11,E9,E13,E5,E22,E26,E11,E9,E11,E9,E26,E26,E3,E23,E23,E23,E21,E21,E21]"
7,Empty packet for block,"[E13,E5,E5,E5,E22,E11,E9,E13,E11,E9,E13,E11,E9,E26,E26,E26,E23,E23,E23,E21,E21,E21]"
7,Empty packet for block,"[E22,E13,E5,E11,E9,E13,E5,E11,E9,E13,E5,E11,E9,E26,E26,E26]"
7,Empty packet for block,"[E22,E13,E5,E11,E9,E13,E5,E13,E5,E11,E9,E26,E26,E26,E11,E9,E3,E23,E23,E23,E21,E21,E21]"
7,Empty packet for block,"[E22,E26,E26,E13,E5,E11,E9,E5,E5,E26,E13,E11,E9,E13,E11,E9,E3,E23,E23,E23,E21,E21,E21]"
7,Empty packet for block,"[E22,E5,E13,E5,E11,E9,E26,E26,E26,E13,E5,E11,E9,E13,E11,E9,E3,E23,E23,E23,E21,E21,E21]"
7,Empty packet for block,"[E22,E5,E5,E5,E13,E11,E9,E13,E11,E9,E13,E11,E9,E26,E26,E26,E3,E23,E23,E23,E21,E21,E21]"
7,Empty packet for block,"[E22,E5,E5,E5,E13,E11,E9,E13,E11,E9,E26,E26,E26,E13,E11,E9,E3,E23,E23,E23,E21,E21,E21]"
7,Empty packet for block,"[E22,E5,E5,E5,E13,E11,E9,E13,E13,E11,E9,E26,E11,E9,E26,E26,E3,E23,E23,E23,E21,E21,E21]"
7,Empty packet for block,"[E22,E5,E5,E5,E13,E11,E9,E25,E26,E26,E13,E13,E11,E11,E9,E9,E26,E5,E18,E6,E26,E16,E21,E3,E23,E23,E23,E21,E21,E21]"
7,Empty packet for block,"[E22,E5,E5,E5,E13,E11,E9,E26,E26,E13,E11,E9,E13,E11,E9,E26,E3,E23,E23,E23,E21,E21,E21]"
7,Empty packet for block,"[E22,E5,E5,E5,E13,E11,E9,E26,E26,E26,E13,E11,E9,E13,E11,E9,E3,E23,E23,E23,E21,E21,E21]"
7,Empty packet for block,"[E22,E5,E5,E5,E13,E11,E9,E26,E26,E26,E13,E13,E11,E9,E11,E9,E3,E23,E23,E23,E21,E21,E21]"
7,Empty packet for block,"[E22,E5,E5,E5,E13,E13,E11,E9,E13,E11,E9,E11,E9,E26,E26,E26,E3,E2,E23,E23,E23,E21,E21,E21]"
7,Empty packet for block,"[E22,E5,E5,E5,E13,E13,E11,E9,E13,E11,E9,E26,E11,E9,E26,E26,E23,E23,E23,E21,E21,E21]"
7,Empty packet for block,"[E22,E5,E5,E5,E13,E13,E11,E9,E13,E26,E11,E9,E11,E9,E26,E26,E23,E23,E23,E21,E21,E21]"
7,Empty packet for block,"[E22,E5,E5,E5,E13,E13,E11,E9,E13,E26,E26,E11,E9,E11,E9,E26,E23,E23,E23,E21,E21,E21]"
7,Empty packet for block,"[E22,E5,E5,E5,E13,E13,E11,E9,E13,E26,E26,E26,E11,E9,E11,E9,E2,E3,E2,E23,E23,E23,E21,E21,E21]"
7,Empty packet for block,"[E22,E5,E5,E5,E13,E13,E13,E11,E9,E11,E9,E11,E9,E26,E26,E26,E23,E23,E23,E21,E21,E21]"
7,Empty packet for block,"[E22,E5,E5,E5,E13,E13,E13,E26,E26,E26,E11,E9,E11,E9,E11,E9,E2,E3,E2,E23,E23,E23,E21,E21,E21]"
7,Empty packet for block,"[E22,E5,E5,E5,E13,E13,E13,E26,E26,E26,E11,E9,E11,E9,E11,E9,E3,E2,E23,E23,E23,E21,E21,E21]"
7,Empty packet for block,"[E22,E5,E5,E5,E13,E13,E26,E26,E26,E11,E9,E13,E11,E9,E11,E9,E2,E23,E23,E23,E21,E21,E21]"
7,Empty packet for block,"[E22,E5,E5,E5,E13,E13,E26,E26,E26,E11,E9,E13,E11,E9,E11,E9,E3,E2,E2,E23,E23,E23,E21,E21,E21]"
7,Empty packet for block,"[E22,E5,E5,E5,E13,E13,E26,E26,E26,E13,E11,E9,E11,E9,E11,E9,E3,E2,E23,E23,E23,E21,E21,E21]"
7,Empty packet for block,"[E22,E5,E5,E5,E13,E13,E26,E26,E26,E13,E11,E9,E11,E9,E11,E9,E4,E3,E4,E3,E4,E3,E4,E23,E23,E23,E21,E21,E21]"
7,Empty packet for block,"[E22,E5,E5,E5,E13,E26,E26,E11,E9,E13,E11,E9,E13,E11,E9,E26,E3,E2,E23,E23,E23,E21,E21,E21]"
7,Empty packet for block,"[E22,E5,E5,E5,E13,E26,E26,E26,E13,E11,E9,E11,E9,E13,E11,E9,E2,E4,E3,E4,E3,E4,E3,E23,E23,E23,E21,E21,E21]"
7,Empty packet for block,"[E22,E5,E5,E5,E13,E26,E26,E26,E13,E11,E9,E13,E11,E9,E11,E9,E3,E23,E23,E23,E21,E21,E21]"
7,Empty packet for block,"[E22,E5,E5,E5,E25,E13,E11,E9,E13,E11,E9,E13,E11,E9,E26,E26,E26,E18,E6,E5,E16,E26,E21,E3,E23,E23,E23,E21,E21,E21]"
7,Empty packet for block,"[E22,E5,E5,E5,E25,E26,E26,E26,E13,E11,E9,E13,E11,E9,E13,E11,E9,E18,E26,E6,E5,E16,E21,E3,E23,E23,E23,E21,E21,E21]"
7,Empty packet for block,"[E22,E5,E5,E5,E25,E26,E26,E26,E13,E11,E9,E13,E11,E9,E13,E11,E9,E18,E5,E26,E16,E6,E21,E2,E3,E23,E23,E23,E21,E21,E21]"
7,Empty packet for block,"[E22,E5,E5,E5,E26,E13,E11,E9,E13,E13,E26,E26,E11,E9,E11,E9,E23,E23,E23,E21,E21,E21]"
7,Empty packet for block,"[E22,E5,E5,E5,E26,E13,E11,E9,E13,E13,E26,E26,E11,E9,E11,E9,E3,E23,E23,E23,E21,E21,E21]"
7,Empty packet for block,"[E22,E5,E5,E5,E26,E13,E13,E13,E26,E26,E11,E9,E11,E9,E11,E9,E3,E2,E2,E23,E23,E23,E21,E21,E21]"
7,Empty packet for block,"[E22,E5,E5,E5,E26,E26,E13,E11,E9,E13,E11,E9,E13,E11,E9,E26,E2,E3,E23,E23,E23,E21,E21,E21]"
7,Empty packet for block,"[E22,E5,E5,E5,E26,E26,E13,E11,E9,E13,E13,E11,E11,E9,E9,E26,E3,E2,E2,E23,E23,E23,E21,E21,E21]"
7,Empty packet for block,"[E22,E5,E5,E5,E26,E26,E13,E26,E11,E9,E13,E11,E9,E13,E11,E9,E3,E23,E23,E23,E21,E21,E21]"
7,Empty packet for block,"[E22,E5,E5,E5,E26,E26,E26,E13,E11,E9,E13,E11,E9,E13,E11,E9,E2,E3,E2,E23,E23,E23,E21,E21,E21]"
7,Empty packet for block,"[E22,E5,E5,E5,E26,E26,E26,E13,E11,E9,E13,E11,E9,E13,E11,E9,E23,E23,E23,E21,E21,E21]"
7,Empty packet for block,"[E5,E13,E5,E11,E9,E13,E5,E11,E9,E13,E11,E9,E26,E26,E26,E22,E3,E2,E2,E23,E23,E23,E21,E21,E21]"
7,Empty packet for block,"[E5,E22,E13,E5,E11,E9,E13,E11,E9,E13,E5,E11,E9,E26,E26,E26]"
7,Empty packet for block,"[E5,E22,E5,E13,E11,E9,E13,E5,E11,E9,E13,E11,E9,E26,E26,E26,E23,E23,E23,E21,E21,E21]"
7,Empty packet for block,"[E5,E22,E5,E13,E11,E9,E26,E26,E26,E13,E5,E11,E9,E13,E11,E9,E3,E23,E23,E23,E21,E21,E21]"
7,Empty packet for block,"[E5,E22,E5,E13,E5,E11,E9,E13,E11,E9,E13,E11,E9,E26,E26,E26]"
7,Empty packet for block,"[E5,E22,E5,E13,E5,E13,E11,E9,E11,E9,E13,E11,E9,E26,E26,E26]"
7,Empty packet for block,"[E5,E22,E5,E5,E11,E9,E13,E11,E9,E26,E26,E26,E13,E11,E9,E13,E3,E2,E23,E23,E23,E21,E21,E21]"
7,Empty packet for block,"[E5,E22,E5,E5,E13,E11,E9,E13,E11,E9,E13,E11,E9,E25,E26,E26,E26,E5,E18,E5,E6,E16,E6,E26,E26,E21,E21,E3,E2,E23,E23,E23,E21,E21,E21]"
7,Empty packet for block,"[E5,E22,E5,E5,E13,E11,E9,E13,E11,E9,E13,E11,E9,E26,E26,E26,E2,E23,E23,E23,E21,E21,E21]"
7,Empty packet for block,"[E5,E22,E5,E5,E13,E11,E9,E13,E11,E9,E13,E11,E9,E26,E26,E26,E2,E3,E2,E23,E23,E23,E21,E21,E21]"
7,Empty packet for block,"[E5,E22,E5,E5,E13,E11,E9,E13,E11,E9,E13,E11,E9,E26,E26,E26,E2]"
8,Replication Monitor timeout,"[E5,E5,E5,E22,E11,E9,E11,E9,E11,E9,E26,E26,E26,E25,E18,E26,E29]"
8,Replication Monitor timeout,"[E5,E22,E5,E5,E11,E9,E11,E9,E11,E9,E26,E26,E26,E25,E18,E29,E25,E18,E5,E6,E16,E26,E26,E21]"
8,Replication Monitor timeout,"[E5,E5,E22,E5,E11,E9,E11,E9,E26,E26,E26,E11,E9,E3,E3,E4,E25,E5,E18,E6,E16,E26,E26,E21,E25,E18,E26,E29,E3,E3,E4,E23,E23,E23,E21,E21,E21]"
8,Replication Monitor timeout,"[E5,E5,E5,E22,E11,E9,E11,E9,E11,E9,E26,E26,E26,E25,E18,E29,E25,E18,E5,E16,E6,E26,E26,E21,E23,E23,E23,E21,E21,E21]"
8,Replication Monitor timeout,"[E5,E5,E5,E22,E11,E9,E11,E9,E11,E9,E26,E26,E26,E25,E18,E5,E16,E6,E26,E26,E21,E25,E18,E26,E29,E25,E18,E5,E6,E16,E26,E26,E21]"
8,Replication Monitor timeout,"[E22,E5,E5,E5,E11,E9,E11,E9,E11,E9,E26,E26,E26,E25,E18,E29,E25,E18,E5,E16,E6,E26,E26,E21,E23,E23,E23,E21,E21,E21]"
8,Replication Monitor timeout,"[E22,E5,E5,E5,E11,E9,E11,E9,E11,E9,E26,E26,E26,E25,E18,E5,E6,E16,E26,E26,E21,E25,E18,E26,E29,E25,E18,E5,E16,E6,E26,E26,E21]"
8,Replication Monitor timeout,"[E22,E5,E5,E5,E11,E9,E11,E9,E26,E11,E9,E18,E25,E26,E29,E18,E25,E5,E26,E16,E6,E26,E21,E4,E4,E3,E2,E2,E23,E23,E23,E21,E21,E21]"
8,Replication Monitor timeout,"[E22,E5,E5,E5,E11,E9,E11,E9,E26,E26,E11,E9,E26,E3,E3,E4,E25,E18,E5,E6,E16,E26,E26,E21,E25,E18,E26,E29,E3,E3,E4,E23,E23,E23,E21,E21,E21]"
8,Replication Monitor timeout,"[E22,E5,E5,E5,E11,E9,E11,E9,E26,E26,E26,E11,E9,E2,E3,E4,E3,E25,E5,E18,E16,E6,E26,E26,E21,E25,E18,E26,E29,E3,E4,E3,E23,E23,E23,E21,E21,E21]"
8,Replication Monitor timeout,"[E22,E5,E5,E5,E11,E9,E11,E9,E26,E26,E26,E11,E9,E3,E3,E4,E25,E5,E18,E6,E16,E26,E26,E21,E25,E18,E26,E29,E3,E3,E4,E23,E23,E23,E21,E21,E21]"
8,Replication Monitor timeout,"[E22,E5,E5,E5,E11,E9,E11,E9,E26,E26,E26,E11,E9,E3,E4,E3,E25,E18,E29,E25,E5,E18,E16,E6,E26,E26,E21,E25,E5,E18,E6,E16,E26,E26,E21,E3,E3,E4,E23,E23,E23,E21,E21,E21]"
8,Replication Monitor timeout,"[E22,E5,E5,E5,E11,E9,E11,E9,E26,E26,E26,E11,E9,E3,E4,E3,E25,E18,E29,E25,E5,E18,E6,E16,E26,E26,E21,E25,E18,E5,E6,E16,E26,E26,E21,E3,E3,E4,E23,E23,E23,E21,E21,E21]"
8,Replication Monitor timeout,"[E22,E5,E5,E5,E11,E9,E11,E9,E26,E26,E26,E11,E9,E3,E4,E3,E25,E18,E5,E16,E6,E26,E26,E21,E25,E18,E26,E29,E3,E4,E3,E23,E23,E23,E21,E21,E21]"
8,Replication Monitor timeout,"[E5,E22,E5,E5,E11,E9,E11,E9,E11,E9,E26,E26,E25,E18,E5,E16,E6,E26,E26,E21,E25,E18,E26,E29,E23,E23,E23,E21,E21,E21,E20]"
8,Replication Monitor timeout,"[E5,E22,E5,E5,E11,E9,E11,E9,E11,E9,E26,E26,E26,E25,E18,E2,E26,E29,E23,E23,E23,E21,E21,E21]"
8,Replication Monitor timeout,"[E5,E22,E5,E5,E11,E9,E11,E9,E26,E26,E11,E9,E26,E3,E3,E4,E2,E25,E18,E26,E29,E5,E18,E25,E16,E6,E26,E26,E21,E3,E3,E4,E23,E23,E23,E21,E21,E21]"
8,Replication Monitor timeout,"[E5,E22,E5,E5,E26,E11,E9,E11,E9,E11,E9,E26,E26,E25,E18,E5,E6,E16,E26,E26,E21,E25,E18,E26,E29,E18,E25,E5,E16,E6,E26,E26,E21]"
8,Replication Monitor timeout,"[E5,E5,E22,E5,E11,E9,E11,E9,E11,E9,E26,E26,E26,E25,E18,E26,E29,E23,E23,E23,E21,E21,E20,E21,E20]"
8,Replication Monitor timeout,"[E5,E5,E22,E5,E11,E9,E11,E9,E11,E9,E26,E26,E26,E25,E18,E26,E29,E25,E18,E5,E6,E16,E26,E26,E21,E25,E18,E5,E16,E6,E26,E26,E21]"
8,Replication Monitor timeout,"[E5,E5,E22,E5,E11,E9,E11,E9,E11,E9,E26,E26,E26,E25,E18,E26,E29]"
8,Replication Monitor timeout,"[E5,E5,E22,E5,E11,E9,E11,E9,E11,E9,E26,E26,E26,E25,E18,E29,E25,E18,E5,E16,E6,E26,E26,E21,E23,E23,E23,E23,E21,E20,E21,E21]"
8,Replication Monitor timeout,"[E5,E5,E22,E5,E11,E9,E11,E9,E26,E26,E26,E11,E9,E3,E3,E4,E25,E18,E29,E25,E18,E5,E26,E6,E16,E26,E21,E25,E18,E5,E16,E6,E26,E26,E21,E3,E3,E4,E23,E23,E23,E21,E21,E21]"
8,Replication Monitor timeout,"[E5,E5,E22,E5,E11,E9,E11,E9,E26,E26,E26,E11,E9,E3,E4,E3,E25,E18,E5,E6,E16,E26,E26,E21,E25,E18,E26,E29,E3,E3,E4,E23,E23,E23,E21,E21,E21]"
8,Replication Monitor timeout,"[E5,E5,E22,E5,E11,E9,E26,E11,E9,E11,E9,E26,E26,E25,E18,E29,E25,E18,E5,E6,E16,E26,E26,E21,E23,E23,E23,E21,E21,E21]"
8,Replication Monitor timeout,"[E5,E5,E22,E5,E11,E9,E26,E11,E9,E26,E26,E11,E9,E3,E4,E3,E2,E25,E18,E29,E25,E5,E18,E16,E6,E26,E26,E21,E25,E5,E18,E16,E6,E26,E26,E21,E2,E4,E3,E3,E23,E23,E23,E21,E21,E21]"
8,Replication Monitor timeout,"[E5,E5,E22,E5,E26,E11,E9,E11,E9,E11,E9,E26,E26,E2,E2,E3,E3,E4,E25,E18,E5,E6,E16,E26,E26,E21,E25,E18,E26,E29,E3,E4,E3,E23,E23,E23,E21,E21,E21]"
8,Replication Monitor timeout,"[E5,E5,E5,E22,E11,E9,E11,E9,E11,E9,E26,E26,E26,E18,E25,E5,E16,E6,E26,E26,E21,E25,E18,E26,E29,E25,E18,E5,E6,E16,E26,E26,E21]"
8,Replication Monitor timeout,"[E5,E5,E5,E22,E11,E9,E11,E9,E11,E9,E26,E26,E26,E25,E18,E26,E29,E25,E18,E5,E16,E6,E26,E26,E21,E25,E18,E5,E6,E16,E26,E26,E21]"
8,Replication Monitor timeout,"[E5,E5,E5,E22,E11,E9,E11,E9,E11,E9,E26,E26,E26,E25,E18,E29,E25,E18,E26,E29,E23,E23,E23,E21,E21,E21]"
8,Replication Monitor timeout,"[E5,E5,E5,E22,E11,E9,E11,E9,E11,E9,E26,E26,E26,E25,E18,E29,E25,E18,E5,E16,E6,E26,E26,E21,E23,E23,E23,E23,E20,E21,E21,E21]"
8,Replication Monitor timeout,"[E5,E5,E5,E22,E11,E9,E11,E9,E11,E9,E26,E26,E26,E25,E18,E29,E25,E18,E5,E16,E6,E26,E26,E21,E23,E23,E23,E23,E21,E20,E21,E21]"
8,Replication Monitor timeout,"[E5,E5,E5,E22,E11,E9,E11,E9,E11,E9,E26,E26,E26,E25,E18,E29,E25,E18,E5,E16,E6,E26,E26,E21]"
8,Replication Monitor timeout,"[E5,E5,E5,E22,E11,E9,E11,E9,E11,E9,E26,E26,E26,E25,E18,E29,E25,E18,E5,E6,E16,E26,E26,E21,E23,E23,E23,E23,E21,E20,E21,E21]"
8,Replication Monitor timeout,"[E5,E5,E5,E22,E11,E9,E11,E9,E26,E26,E11,E9,E26,E25,E18,E29,E25,E18,E5,E16,E6,E26,E26,E21,E23,E23,E23,E21,E21,E21]"
8,Replication Monitor timeout,"[E5,E5,E5,E22,E11,E9,E26,E11,E9,E11,E9,E26,E26,E25,E18,E29,E25,E18,E5,E6,E16,E26,E26,E21,E23,E23,E23,E23,E20,E21,E21,E21]"
12,Receive block exception,"[E5,E5,E5,E22,E11,E9,E11,E9,E11,E9,E26,E26,E26,E23,E23,E23,E21,E21,E20,E21,E20]"
12,Receive block exception,"[E5,E5,E5,E22,E11,E9,E11,E9,E11,E9,E26,E26,E26,E23,E23,E23,E21,E21,E20,E20,E21]"
12,Receive block exception,"[E5,E5,E5,E22,E11,E9,E11,E9,E11,E9,E26,E26,E26,E23,E23,E23,E21,E21,E21,E20,E20]"
12,Receive block exception,"[E5,E5,E22,E5,E11,E9,E11,E9,E11,E9,E26,E26,E26,E23,E23,E23,E21,E21,E20,E21,E20]"
12,Receive block exception,"[E5,E22,E5,E5,E11,E9,E11,E9,E11,E9,E26,E26,E26,E23,E23,E23,E21,E21,E20,E20,E21]"
12,Receive block exception,"[E5,E22,E5,E5,E11,E9,E11,E9,E11,E9,E26,E26,E26,E23,E23,E23,E21,E21,E21,E20,E20]"
12,Receive block exception,"[E22,E5,E5,E5,E26,E26,E26,E11,E9,E11,E9,E11,E9,E23,E23,E23,E21,E21,E20,E20,E21]"
12,Receive block exception,"[E5,E22,E5,E5,E11,E9,E11,E9,E11,E9,E26,E26,E26,E23,E23,E23,E21,E21,E20,E21,E20]"
12,Receive block exception,"[E5,E5,E22,E5,E11,E9,E11,E9,E11,E9,E26,E26,E26,E23,E23,E23,E21,E21,E21,E20,E20]"
12,Receive block exception,"[E22,E5,E5,E5,E26,E26,E26,E11,E9,E11,E9,E11,E9,E23,E23,E23,E21,E21,E21,E20,E20]"
12,Receive block exception,"[E5,E22,E5,E5,E11,E9,E11,E9,E26,E26,E11,E9,E26,E23,E23,E23,E21,E21,E21,E20,E20]"
12,Receive block exception,"[E5,E22,E5,E5,E11,E9,E26,E11,E9,E11,E9,E26,E26,E23,E23,E23,E21,E21,E20,E20,E21]"
12,Receive block exception,"[E5,E5,E22,E5,E11,E9,E11,E9,E11,E9,E26,E26,E26,E23,E23,E23,E21,E21,E20,E20,E21]"
12,Receive block exception,"[E5,E5,E5,E22,E11,E9,E11,E9,E26,E26,E11,E9,E26,E23,E23,E23,E21,E21,E20,E20,E21]"
12,Receive block exception,"[E5,E5,E5,E22,E11,E9,E11,E9,E26,E26,E11,E9,E26,E23,E23,E23,E21,E21,E20,E21,E20]"
12,Receive block exception,"[E22,E5,E5,E5,E11,E9,E11,E9,E11,E9,E26,E26,E26,E23,E23,E23,E21,E21,E20,E21,E20]"
12,Receive block exception,"[E22,E5,E5,E5,E11,E9,E11,E9,E11,E9,E26,E26,E26,E23,E23,E23,E21,E21,E21,E20,E20]"
12,Receive block exception,"[E22,E5,E5,E5,E11,E9,E11,E9,E11,E9,E26,E26,E26,E25,E18,E5,E16,E6,E26,E26,E21,E23,E23,E23,E23,E21,E21,E20,E21,E20]"
12,Receive block exception,"[E22,E5,E5,E5,E11,E9,E11,E9,E11,E9,E26,E26,E26,E25,E18,E5,E16,E6,E26,E26,E21,E23,E23,E23,E23,E21,E21,E21,E20,E20]"
12,Receive block exception,"[E22,E5,E5,E5,E11,E9,E11,E9,E26,E26,E26,E11,E9,E23,E23,E23,E21,E21,E20,E20,E21]"
12,Receive block exception,"[E22,E5,E5,E5,E11,E9,E26,E11,E9,E11,E9,E26,E26,E25,E18,E5,E16,E6,E26,E26,E21,E23,E23,E23,E23,E21,E21,E21,E20,E20]"
12,Receive block exception,"[E22,E5,E5,E5,E26,E11,E9,E26,E26,E11,E9,E11,E9,E23,E23,E23,E21,E21,E21,E20,E20]"
12,Receive block exception,"[E22,E5,E5,E5,E26,E26,E11,E9,E11,E9,E25,E26,E11,E9,E18,E5,E16,E26,E6,E21,E4,E2,E3,E4,E4,E3,E4,E4,E3,E3,E4,E23,E23,E23,E21,E21,E21,E20]"
12,Receive block exception,"[E22,E5,E5,E5,E26,E26,E26,E11,E9,E11,E9,E11,E9,E2,E23,E23,E23,E21,E21,E20,E20,E21]"
12,Receive block exception,"[E22,E5,E5,E5,E26,E26,E26,E11,E9,E11,E9,E11,E9,E2,E23,E23,E23,E21,E21,E20,E21,E20]"
12,Receive block exception,"[E22,E5,E5,E5,E26,E26,E26,E11,E9,E11,E9,E11,E9,E23,E23,E23,E21,E21,E20,E21,E20]"
12,Receive block exception,"[E5,E11,E9,E5,E11,E9,E5,E11,E9,E26,E26,E22,E26,E25,E18,E5,E16,E6,E26,E26,E21,E23,E23,E23,E23,E21,E20,E21,E21,E20]"
12,Receive block exception,"[E5,E22,E5,E5,E11,E9,E11,E9,E11,E9,E26,E26,E26,E18,E25,E5,E6,E16,E26,E26,E21,E23,E23,E23,E23,E21,E20,E21,E21,E20]"
12,Receive block exception,"[E5,E22,E5,E5,E11,E9,E11,E9,E11,E9,E26,E26,E26,E2,E2,E23,E23,E23,E21,E21,E20,E21,E20]"
12,Receive block exception,"[E5,E22,E5,E5,E11,E9,E11,E9,E11,E9,E26,E26,E26,E2,E25,E18,E5,E16,E6,E26,E26,E21,E23,E23,E23,E23,E21,E20,E21,E20,E21]"
12,Receive block exception,"[E5,E22,E5,E5,E11,E9,E11,E9,E11,E9,E26,E26,E26,E25,E18,E5,E6,E16,E26,E26,E21,E23,E23,E23,E23,E20,E21,E21,E21,E20]"
12,Receive block exception,"[E5,E22,E5,E5,E11,E9,E11,E9,E11,E9,E26,E26,E26,E25,E18,E5,E6,E16,E26,E26,E21,E23,E23,E23,E23,E21,E21,E21,E20,E20]"
12,Receive block exception,"[E5,E22,E5,E5,E11,E9,E11,E9,E26,E11,E9,E26,E26,E23,E23,E23,E21,E21,E20,E20,E21]"
12,Receive block exception,"[E5,E22,E5,E5,E11,E9,E11,E9,E26,E26,E11,E9,E26,E23,E23,E23,E21,E21,E20,E21,E20]"
12,Receive block exception,"[E5,E22,E5,E5,E11,E9,E11,E9,E26,E26,E11,E9,E26,E25,E18,E5,E6,E16,E26,E26,E21,E23,E23,E23,E23,E21,E20,E21,E21,E20]"
12,Receive block exception,"[E5,E22,E5,E5,E11,E9,E26,E11,E9,E26,E11,E9,E26,E23,E23,E23,E21,E21,E20,E21,E20]"
12,Receive block exception,"[E5,E22,E5,E5,E25,E11,E9,E11,E9,E11,E9,E26,E26,E26,E18,E5,E6,E16,E26,E21,E2,E23,E23,E23,E21,E21,E21,E20]"
12,Receive block exception,"[E5,E22,E5,E5,E26,E26,E11,E9,E11,E9,E11,E9,E26,E25,E18,E5,E16,E6,E26,E26,E21,E23,E23,E23,E23,E21,E21,E21,E20,E20]"
12,Receive block exception,"[E5,E5,E22,E5,E11,E9,E11,E9,E11,E9,E26,E26,E26,E2,E23,E23,E23,E21,E21,E20,E21,E20]"
12,Receive block exception,"[E5,E5,E22,E5,E11,E9,E11,E9,E26,E11,E9,E26,E26,E23,E23,E23,E21,E21,E20,E20,E21]"
12,Receive block exception,"[E5,E5,E22,E5,E11,E9,E11,E9,E26,E26,E11,E9,E26,E18,E25,E5,E16,E6,E26,E26,E21,E23,E23,E23,E23,E20,E21,E21,E21,E20]"
12,Receive block exception,"[E5,E5,E22,E5,E11,E9,E11,E9,E26,E26,E11,E9,E26,E23,E23,E23,E21,E21,E20,E21,E20]"
12,Receive block exception,"[E5,E5,E22,E5,E11,E9,E11,E9,E26,E26,E11,E9,E26,E23,E23,E23,E21,E21,E21,E20,E20]"
12,Receive block exception,"[E5,E5,E22,E5,E11,E9,E11,E9,E26,E26,E26,E11,E9,E23,E23,E23,E21,E21,E20,E21,E20]"
12,Receive block exception,"[E5,E5,E22,E5,E11,E9,E11,E9,E26,E26,E26,E11,E9,E25,E18,E5,E6,E26,E16,E26,E21,E23,E23,E23,E23,E21,E20,E21,E21,E20]"
12,Receive block exception,"[E5,E5,E5,E22,E11,E9,E11,E9,E11,E9,E26,E26,E25,E18,E5,E26,E6,E16,E26,E21,E23,E23,E23,E21,E21,E20,E21]"
12,Receive block exception,"[E5,E5,E5,E22,E11,E9,E11,E9,E11,E9,E26,E26,E25,E26,E5,E18,E6,E16,E26,E21,E23,E23,E23,E23,E21,E21,E20,E21,E20]"
12,Receive block exception,"[E5,E5,E5,E22,E11,E9,E11,E9,E11,E9,E26,E26,E26,E25,E18,E5,E16,E6,E26,E26,E21,E23,E23,E23,E23,E21,E20,E21,E20,E21]"
12,Receive block exception,"[E5,E5,E5,E22,E11,E9,E11,E9,E11,E9,E26,E26,E26,E25,E18,E5,E16,E6,E26,E26,E21,E23,E23,E23,E23,E21,E20,E21,E21,E20]"
12,Receive block exception,"[E5,E5,E5,E22,E11,E9,E11,E9,E11,E9,E26,E26,E26,E25,E18,E5,E16,E6,E26,E26,E21,E23,E23,E23,E23,E21,E21,E21,E20,E20]"
12,Receive block exception,"[E5,E5,E5,E22,E11,E9,E11,E9,E11,E9,E26,E26,E26,E25,E18,E5,E6,E16,E26,E26,E21,E23,E23,E23,E23,E21,E20,E20,E21,E21]"
12,Receive block exception,"[E5,E5,E5,E22,E11,E9,E11,E9,E11,E9,E26,E26,E26,E25,E18,E5,E6,E16,E26,E26,E21,E23,E23,E23,E23,E21,E21,E20,E20,E21]"
12,Receive block exception,"[E5,E5,E5,E22,E11,E9,E11,E9,E26,E26,E11,E9,E26,E23,E23,E23,E21,E21,E21,E20,E20]"
12,Receive block exception,"[E5,E5,E5,E22,E11,E9,E11,E9,E26,E26,E11,E9,E26,E25,E18,E5,E16,E6,E26,E26,E21,E23,E23,E23,E23,E21,E21,E20,E20,E21]"
12,Receive block exception,"[E5,E5,E5,E22,E11,E9,E11,E9,E26,E26,E11,E9,E26,E25,E18,E5,E6,E16,E26,E26,E21,E23,E23,E23,E23,E21,E21,E20,E21,E20]"
12,Receive block exception,"[E5,E5,E5,E22,E11,E9,E11,E9,E26,E26,E26,E9,E11,E23,E23,E23,E21,E21,E20,E21,E20]"
12,Receive block exception,"[E5,E5,E5,E22,E11,E9,E11,E9,E9,E26,E26,E11,E26,E25,E18,E5,E6,E16,E26,E26,E21,E23,E23,E23,E23,E21,E21,E20,E21,E20]"
12,Receive block exception,"[E5,E5,E5,E22,E11,E9,E11,E9,E9,E26,E26,E26,E11,E23,E23,E23,E21,E21,E20,E21,E20]"
12,Receive block exception,"[E5,E5,E5,E22,E11,E9,E26,E11,E9,E11,E9,E26,E26,E23,E23,E23,E21,E21,E20,E20,E21]"
12,Receive block exception,"[E5,E5,E5,E22,E11,E9,E9,E26,E11,E11,E9,E26,E26,E25,E18,E5,E16,E6,E26,E26,E21,E23,E23,E23,E23,E20,E21,E21,E21,E20]"
12,Receive block exception,"[E5,E5,E5,E22,E25,E11,E9,E11,E9,E11,E9,E26,E26,E26,E18,E5,E6,E16,E26,E21,E23,E23,E23,E21,E21,E20,E21]"
12,Receive block exception,"[E5,E5,E5,E22,E9,E11,E11,E9,E11,E9,E26,E26,E26,E23,E23,E23,E21,E21,E20,E20,E21]"
21,Delete a block that no longer exists on data node,"[E22,E5,E5,E5,E26,E26,E26,E11,E9,E11,E9,E11,E9,E4,E3,E4,E2,E23,E23,E23,E21,E21,E20,E21]"
21,Delete a block that no longer exists on data node,"[E22,E5,E5,E5,E26,E26,E26,E11,E9,E11,E9,E11,E9,E2,E4,E3,E4,E2,E2,E23,E23,E23,E21,E20,E21,E21]"
21,Delete a block that no longer exists on data node,"[E5,E5,E22,E5,E11,E9,E11,E9,E11,E9,E26,E26,E26,E4,E4,E3,E23,E23,E23,E21,E21,E20,E21]"
21,Delete a block that no longer exists on data node,"[E22,E5,E5,E5,E26,E26,E26,E11,E9,E11,E9,E11,E9,E4,E3,E4,E23,E23,E23,E21,E20,E21,E21]"
21,Delete a block that no longer exists on data node,"[E22,E5,E5,E5,E26,E26,E26,E11,E9,E11,E9,E11,E9,E4,E4,E3,E2,E2,E2,E23,E23,E23,E21,E21,E20,E21]"
21,Delete a block that no longer exists on data node,"[E5,E22,E5,E5,E11,E9,E11,E9,E11,E9,E26,E26,E26,E4,E3,E4,E2,E23,E23,E23,E21,E21,E21,E20]"
21,Delete a block that no longer exists on data node,"[E5,E5,E5,E22,E11,E9,E11,E9,E11,E9,E26,E26,E26,E4,E3,E4,E2,E23,E23,E23,E21,E21,E21,E20]"
21,Delete a block that no longer exists on data node,"[E5,E5,E5,E22,E11,E9,E11,E9,E11,E9,E26,E26,E26,E4,E3,E4,E23,E23,E23,E21,E21,E20,E21]"
21,Delete a block that no longer exists on data node,"[E5,E5,E5,E22,E11,E9,E11,E9,E11,E9,E26,E26,E26,E4,E4,E3,E23,E23,E23,E21,E21,E21,E20]"
21,Delete a block that no longer exists on data node,"[E22,E5,E5,E5,E26,E26,E26,E11,E9,E11,E9,E11,E9,E3,E3,E3,E3,E3,E3,E23,E23,E23,E21,E21,E20,E21]"
21,Delete a block that no longer exists on data node,"[E22,E5,E5,E5,E26,E26,E26,E11,E9,E11,E9,E11,E9,E4,E3,E4,E2,E2,E23,E23,E23,E21,E21,E20,E21]"
21,Delete a block that no longer exists on data node,"[E22,E5,E5,E5,E26,E26,E26,E11,E9,E11,E9,E11,E9,E4,E4,E3,E2,E2,E23,E23,E23,E21,E21,E20,E21]"
21,Delete a block that no longer exists on data node,"[E22,E5,E5,E5,E26,E26,E26,E11,E9,E11,E9,E11,E9,E4,E4,E3,E23,E23,E23,E21,E20,E21,E21]"
21,Delete a block that no longer exists on data node,"[E5,E22,E5,E5,E11,E9,E11,E9,E11,E9,E26,E26,E26,E4,E3,E4,E23,E23,E23,E21,E21,E20,E21]"
21,Delete a block that no longer exists on data node,"[E5,E22,E5,E5,E11,E9,E11,E9,E11,E9,E26,E26,E26,E4,E4,E3,E2,E23,E23,E23,E21,E21,E21,E20]"
21,Delete a block that no longer exists on data node,"[E5,E22,E5,E5,E11,E9,E11,E9,E11,E9,E26,E26,E26,E4,E4,E3,E23,E23,E23,E21,E21,E21,E20]"
21,Delete a block that no longer exists on data node,"[E5,E5,E22,E5,E11,E9,E11,E9,E11,E9,E26,E26,E26,E4,E3,E4,E23,E23,E23,E21,E21,E20,E21]"
21,Delete a block that no longer exists on data node,"[E5,E5,E22,E5,E11,E9,E11,E9,E11,E9,E26,E26,E26,E4,E4,E3,E2,E23,E23,E23,E21,E21,E21,E20]"
21,Delete a block that no longer exists on data node,"[E22,E5,E5,E5,E11,E9,E11,E9,E11,E9,E26,E26,E26,E4,E4,E3,E23,E23,E23,E21,E21,E21,E20]"
21,Delete a block that no longer exists on data node,"[E22,E5,E5,E5,E26,E26,E11,E9,E11,E9,E11,E9,E26,E4,E4,E3,E2,E2,E2,E23,E23,E23,E21,E21,E21,E20]"
21,Delete a block that no longer exists on data node,"[E22,E5,E5,E5,E26,E26,E11,E9,E11,E9,E11,E9,E26,E4,E4,E3,E2,E23,E23,E23,E21,E21,E21,E20]"
21,Delete a block that no longer exists on data node,"[E22,E5,E5,E5,E26,E26,E26,E11,E9,E11,E9,E11,E9,E3,E3,E3,E3,E3,E3,E3,E3,E23,E23,E23,E21,E21,E20,E21]"
21,Delete a block that no longer exists on data node,"[E22,E5,E5,E5,E26,E26,E26,E11,E9,E11,E9,E11,E9,E3,E3,E3,E3,E3,E3,E3,E3,E23,E23,E23,E21,E21,E21,E20]"
21,Delete a block that no longer exists on data node,"[E22,E5,E5,E5,E26,E26,E26,E11,E9,E11,E9,E11,E9,E4,E3,E4,E2,E2,E23,E23,E23,E21,E21,E21,E20]"
21,Delete a block that no longer exists on data node,"[E22,E5,E5,E5,E26,E26,E26,E11,E9,E11,E9,E11,E9,E4,E3,E4,E2,E23,E23,E23,E21,E20,E21,E21]"
21,Delete a block that no longer exists on data node,"[E22,E5,E5,E5,E26,E26,E26,E11,E9,E11,E9,E11,E9,E4,E3,E4,E3,E4,E3,E4,E23,E23,E23,E21,E20,E21,E21]"
21,Delete a block that no longer exists on data node,"[E5,E22,E5,E5,E11,E9,E11,E9,E11,E9,E26,E26,E26,E4,E3,E4,E2,E23,E23,E23,E21,E21,E20,E21]"
21,Delete a block that no longer exists on data node,"[E5,E5,E22,E5,E11,E9,E11,E9,E11,E9,E26,E26,E26,E3,E3,E4,E23,E23,E23,E21,E21,E20,E21]"
21,Delete a block that no longer exists on data node,"[E5,E5,E22,E5,E11,E9,E11,E9,E11,E9,E26,E26,E26,E4,E3,E4,E2,E23,E23,E23,E21,E21,E20,E21]"
21,Delete a block that no longer exists on data node,"[E5,E5,E22,E5,E11,E9,E11,E9,E11,E9,E26,E26,E26,E4,E4,E3,E2,E23,E23,E23,E21,E20,E21,E21]"
21,Delete a block that no longer exists on data node,"[E5,E5,E22,E5,E11,E9,E11,E9,E11,E9,E26,E26,E26,E4,E4,E3,E23,E23,E23,E21,E20,E21,E21]"
21,Delete a block that no longer exists on data node,"[E5,E5,E5,E22,E11,E9,E11,E9,E11,E9,E26,E26,E26,E4,E3,E4,E23,E23,E23,E21,E21,E21,E20]"
21,Delete a block that no longer exists on data node,"[E5,E5,E5,E22,E11,E9,E11,E9,E11,E9,E26,E26,E26,E4,E4,E3,E2,E23,E23,E23,E21,E21,E20,E21]"
21,Delete a block that no longer exists on data node,"[E22,E5,E5,E5,E26,E26,E11,E9,E11,E9,E11,E9,E26,E4,E3,E4,E23,E23,E23,E21,E21,E21,E20]"
21,Delete a block that no longer exists on data node,"[E22,E5,E5,E5,E26,E26,E26,E11,E9,E11,E9,E11,E9,E4,E3,E4,E2,E2,E2,E23,E23,E23,E21,E20,E21,E21]"
21,Delete a block that no longer exists on data node,"[E22,E5,E5,E5,E26,E26,E26,E11,E9,E11,E9,E11,E9,E4,E3,E4,E2,E2,E2,E23,E23,E23,E21,E21,E21,E20]"
21,Delete a block that no longer exists on data node,"[E22,E5,E5,E5,E26,E26,E26,E11,E9,E11,E9,E11,E9,E4,E3,E4,E2,E2,E23,E23,E23,E21,E20,E21,E21]"
21,Delete a block that no longer exists on data node,"[E22,E5,E5,E5,E26,E26,E26,E11,E9,E11,E9,E11,E9,E4,E3,E4,E23,E23,E23,E21,E21,E20,E21]"
21,Delete a block that no longer exists on data node,"[E22,E5,E5,E5,E26,E26,E26,E11,E9,E11,E9,E11,E9,E4,E3,E4,E23,E23,E23,E21,E21,E21,E20]"
21,Delete a block that no longer exists on data node,"[E22,E5,E5,E5,E26,E26,E26,E11,E9,E11,E9,E11,E9,E4,E4,E3,E2,E23,E23,E23,E21,E20,E21,E21]"
21,Delete a block that no longer exists on data node,"[E22,E5,E5,E5,E26,E26,E26,E11,E9,E11,E9,E11,E9,E4,E4,E3,E23,E23,E23,E21,E21,E21,E20]"
21,Delete a block that no longer exists on data node,"[E5,E22,E5,E5,E11,E9,E11,E9,E11,E9,E26,E26,E26,E4,E3,E4,E2,E2,E23,E23,E23,E21,E21,E21,E20]"
21,Delete a block that no longer exists on data node,"[E5,E22,E5,E5,E11,E9,E11,E9,E11,E9,E26,E26,E26,E4,E3,E4,E23,E23,E23,E21,E20,E21,E21]"
21,Delete a block that no longer exists on data node,"[E5,E22,E5,E5,E11,E9,E11,E9,E11,E9,E26,E26,E26,E4,E3,E4,E23,E23,E23,E21,E21,E21,E20]"
21,Delete a block that no longer exists on data node,"[E5,E22,E5,E5,E11,E9,E11,E9,E11,E9,E26,E26,E26,E4,E4,E3,E23,E23,E23,E21,E20,E21,E21]"
21,Delete a block that no longer exists on data node,"[E5,E22,E5,E5,E11,E9,E11,E9,E11,E9,E26,E26,E26,E4,E4,E3,E23,E23,E23,E21,E21,E20,E21]"
21,Delete a block that no longer exists on data node,"[E5,E22,E5,E5,E11,E9,E11,E9,E26,E26,E11,E9,E26,E4,E3,E4,E23,E23,E23,E21,E21,E20,E21]"
21,Delete a block that no longer exists on data node,"[E5,E5,E22,E5,E11,E9,E11,E9,E11,E9,E26,E26,E26,E3,E3,E4,E23,E23,E23,E21,E20,E21,E21]"
21,Delete a block that no longer exists on data node,"[E5,E5,E22,E5,E11,E9,E11,E9,E11,E9,E26,E26,E26,E4,E3,E4,E2,E23,E23,E23,E21,E21,E21,E20]"
21,Delete a block that no longer exists on data node,"[E5,E5,E5,E22,E11,E9,E11,E9,E11,E9,E26,E26,E26,E4,E4,E3,E2,E23,E23,E23,E21,E21,E21,E20]"
21,Delete a block that no longer exists on data node,"[E5,E5,E5,E22,E11,E9,E11,E9,E11,E9,E26,E26,E26,E4,E4,E3,E23,E23,E23,E21,E21,E20,E21]"
21,Delete a block that no longer exists on data node,"[E22,E5,E5,E5,E11,E9,E11,E9,E11,E9,E26,E26,E26,E3,E23,E23,E23,E21,E21,E20,E21]"
21,Delete a block that no longer exists on data node,"[E22,E5,E5,E5,E11,E9,E11,E9,E11,E9,E26,E26,E26,E4,E3,E4,E2,E23,E23,E23,E21,E21,E20,E21]"
21,Delete a block that no longer exists on data node,"[E22,E5,E5,E5,E11,E9,E11,E9,E11,E9,E26,E26,E26,E4,E3,E4,E2,E23,E23,E23,E21,E21,E21,E20]"
21,Delete a block that no longer exists on data node,"[E22,E5,E5,E5,E11,E9,E11,E9,E11,E9,E26,E26,E26,E4,E3,E4,E23,E23,E23,E21,E20,E21,E21]"
21,Delete a block that no longer exists on data node,"[E22,E5,E5,E5,E26,E11,E9,E26,E26,E11,E9,E11,E9,E4,E4,E3,E2,E2,E23,E23,E23,E21,E21,E20,E21]"
21,Delete a block that no longer exists on data node,"[E22,E5,E5,E5,E26,E26,E11,E9,E11,E9,E11,E9,E26,E4,E3,E4,E2,E2,E2,E23,E23,E23,E21,E21,E21,E20]"
21,Delete a block that no longer exists on data node,"[E22,E5,E5,E5,E26,E26,E11,E9,E11,E9,E11,E9,E26,E4,E3,E4,E2,E2,E23,E23,E23,E21,E21,E21,E20]"
21,Delete a block that no longer exists on data node,"[E22,E5,E5,E5,E26,E26,E11,E9,E11,E9,E11,E9,E26,E4,E3,E4,E2,E23,E23,E23,E21,E20,E21,E21]"
21,Delete a block that no longer exists on data node,"[E22,E5,E5,E5,E26,E26,E11,E9,E11,E9,E11,E9,E26,E4,E4,E3,E2,E23,E23,E23,E21,E21,E20,E21]"
21,Delete a block that no longer exists on data node,"[E22,E5,E5,E5,E26,E26,E11,E9,E11,E9,E26,E11,E9,E2,E4,E4,E3,E2,E2,E23,E23,E23,E21,E21,E21,E20]"
21,Delete a block that no longer exists on data node,"[E22,E5,E5,E5,E26,E26,E11,E9,E11,E9,E26,E11,E9,E3,E3,E3,E3,E3,E3,E3,E3,E23,E23,E23,E21,E20,E21,E21]"
21,Delete a block that no longer exists on data node,"[E22,E5,E5,E5,E26,E26,E11,E9,E11,E9,E26,E11,E9,E4,E4,E3,E2,E23,E23,E23,E21,E21,E21,E20]"
21,Delete a block that no longer exists on data node,"[E22,E5,E5,E5,E26,E26,E26,E11,E9,E11,E9,E11,E9,E2,E4,E3,E4,E2,E2,E23,E23,E23,E21,E21,E20,E21]"
21,Delete a block that no longer exists on data node,"[E22,E5,E5,E5,E26,E26,E26,E11,E9,E11,E9,E11,E9,E2,E4,E3,E4,E2,E23,E23,E23,E21,E20,E21,E21]"
21,Delete a block that no longer exists on data node,"[E22,E5,E5,E5,E26,E26,E26,E11,E9,E11,E9,E11,E9,E2,E4,E3,E4,E2,E23,E23,E23,E21,E21,E20,E21]"
21,Delete a block that no longer exists on data node,"[E22,E5,E5,E5,E26,E26,E26,E11,E9,E11,E9,E11,E9,E2,E4,E3,E4,E23,E23,E23,E21,E21,E20,E21]"
21,Delete a block that no longer exists on data node,"[E22,E5,E5,E5,E26,E26,E26,E11,E9,E11,E9,E11,E9,E2,E4,E3,E4,E23,E23,E23,E21,E21,E21,E20]"
21,Delete a block that no longer exists on data node,"[E22,E5,E5,E5,E26,E26,E26,E11,E9,E11,E9,E11,E9,E2,E4,E4,E3,E2,E2,E23,E23,E23,E21,E21,E21,E20]"
21,Delete a block that no longer exists on data node,"[E22,E5,E5,E5,E26,E26,E26,E11,E9,E11,E9,E11,E9,E2,E4,E4,E3,E2,E23,E23,E23,E21,E21,E20,E21]"
21,Delete a block that no longer exists on data node,"[E22,E5,E5,E5,E26,E26,E26,E11,E9,E11,E9,E11,E9,E2,E4,E4,E3,E23,E23,E23,E21,E21,E20,E21]"
21,Delete a block that no longer exists on data node,"[E22,E5,E5,E5,E26,E26,E26,E11,E9,E11,E9,E11,E9,E3,E3,E3,E3,E3,E3,E23,E23,E23,E21,E21,E21,E20]"
21,Delete a block that no longer exists on data node,"[E22,E5,E5,E5,E26,E26,E26,E11,E9,E11,E9,E11,E9,E3,E3,E4,E3,E3,E4,E3,E3,E4,E3,E3,E4,E23,E23,E23,E21,E21,E21,E20,E20]"
21,Delete a block that no longer exists on data node,"[E22,E5,E5,E5,E26,E26,E26,E11,E9,E11,E9,E11,E9,E3,E4,E3,E3,E3,E4,E3,E3,E4,E23,E23,E23,E21,E21,E20,E21,E20]"
21,Delete a block that no longer exists on data node,"[E22,E5,E5,E5,E26,E26,E26,E11,E9,E11,E9,E11,E9,E4,E3,E4,E2,E23,E23,E23,E21,E21,E20,E20,E21]"
21,Delete a block that no longer exists on data node,"[E22,E5,E5,E5,E26,E26,E26,E11,E9,E11,E9,E11,E9,E4,E3,E4,E2,E23,E23,E23,E21,E21,E21,E20]"
21,Delete a block that no longer exists on data node,"[E22,E5,E5,E5,E26,E26,E26,E11,E9,E11,E9,E11,E9,E4,E3,E4,E3,E4,E3,E23,E23,E23,E21,E21,E21,E20]"
21,Delete a block that no longer exists on data node,"[E22,E5,E5,E5,E26,E26,E26,E11,E9,E11,E9,E11,E9,E4,E3,E4,E3,E4,E3,E4,E23,E23,E23,E21,E21,E20,E21]"
21,Delete a block that no longer exists on data node,"[E22,E5,E5,E5,E26,E26,E26,E11,E9,E11,E9,E11,E9,E4,E4,E3,E2,E2,E2,E23,E23,E23,E21,E20,E21,E21]"
21,Delete a block that no longer exists on data node,"[E22,E5,E5,E5,E26,E26,E26,E11,E9,E11,E9,E11,E9,E4,E4,E3,E2,E2,E2,E23,E23,E23,E21,E21,E21,E20]"
21,Delete a block that no longer exists on data node,"[E22,E5,E5,E5,E26,E26,E26,E11,E9,E11,E9,E11,E9,E4,E4,E3,E2,E2,E23,E23,E23,E21,E21,E21,E20]"
21,Delete a block that no longer exists on data node,"[E22,E5,E5,E5,E26,E26,E26,E11,E9,E11,E9,E11,E9,E4,E4,E3,E2,E23,E23,E23,E21,E21,E21,E20]"
21,Delete a block that no longer exists on data node,"[E22,E5,E5,E5,E26,E26,E26,E11,E9,E11,E9,E11,E9,E4,E4,E3,E23,E23,E23,E21,E21,E20,E21]"
21,Delete a block that no longer exists on data node,"[E5,E22,E5,E5,E11,E9,E11,E9,E11,E9,E26,E26,E26,E3,E23,E23,E23,E21,E21,E20,E21]"
21,Delete a block that no longer exists on data node,"[E5,E22,E5,E5,E11,E9,E11,E9,E11,E9,E26,E26,E26,E3,E23,E23,E23,E21,E21,E21,E20]"
21,Delete a block that no longer exists on data node,"[E5,E22,E5,E5,E11,E9,E11,E9,E11,E9,E26,E26,E26,E4,E3,E4,E2,E23,E23,E23,E21,E20,E21,E21]"
21,Delete a block that no longer exists on data node,"[E5,E22,E5,E5,E11,E9,E11,E9,E11,E9,E26,E26,E26,E4,E4,E4,E3,E4,E4,E4,E4,E4,E4,E4,E4,E4,E4,E4,E4,E23,E23,E23,E21,E21,E21,E20]"
21,Delete a block that no longer exists on data node,"[E5,E22,E5,E5,E11,E9,E11,E9,E26,E26,E11,E9,E26,E4,E3,E4,E2,E23,E23,E23,E21,E20,E21,E21]"
21,Delete a block that no longer exists on data node,"[E5,E22,E5,E5,E11,E9,E26,E26,E26,E11,E9,E11,E9,E3,E23,E23,E23,E21,E20,E21,E21]"
21,Delete a block that no longer exists on data node,"[E5,E5,E22,E5,E11,E9,E11,E9,E11,E9,E26,E26,E26,E4,E3,E4,E23,E23,E23,E21,E21,E21,E20]"
21,Delete a block that no longer exists on data node,"[E5,E5,E22,E5,E11,E9,E11,E9,E11,E9,E26,E26,E26,E4,E4,E3,E23,E23,E23,E21,E21,E21,E20]"
21,Delete a block that no longer exists on data node,"[E5,E5,E5,E22,E11,E9,E11,E9,E11,E9,E26,E26,E26,E3,E2,E23,E23,E23,E21,E21,E21,E20]"
21,Delete a block that no longer exists on data node,"[E5,E5,E5,E22,E11,E9,E11,E9,E11,E9,E26,E26,E26,E3,E3,E4,E23,E23,E23,E21,E20,E21,E21]"
21,Delete a block that no longer exists on data node,"[E5,E5,E5,E22,E11,E9,E11,E9,E11,E9,E26,E26,E26,E4,E3,E4,E2,E23,E23,E23,E21,E20,E21,E21]"
21,Delete a block that no longer exists on data node,"[E5,E5,E5,E22,E11,E9,E11,E9,E11,E9,E26,E26,E26,E4,E4,E3,E2,E23,E23,E23,E21,E20,E21,E21]"
21,Delete a block that no longer exists on data node,"[E5,E5,E5,E22,E11,E9,E11,E9,E11,E9,E26,E26,E26,E4,E4,E3,E2,E23,E23,E23,E21,E21,E21,E20,E20]"
21,Delete a block that no longer exists on data node,"[E22,E5,E5,E5,E11,E9,E11,E9,E11,E9,E26,E26,E26,E2,E2,E2,E4,E4,E3,E23,E23,E23,E21,E21,E20,E21]"
21,Delete a block that no longer exists on data node,"[E22,E5,E5,E5,E11,E9,E11,E9,E11,E9,E26,E26,E26,E2,E2,E4,E3,E4,E23,E23,E23,E21,E20,E21,E21]"
21,Delete a block that no longer exists on data node,"[E22,E5,E5,E5,E11,E9,E11,E9,E11,E9,E26,E26,E26,E2,E4,E3,E4,E2,E2,E23,E23,E23,E21,E21,E21,E20]"
21,Delete a block that no longer exists on data node,"[E22,E5,E5,E5,E11,E9,E11,E9,E11,E9,E26,E26,E26,E3,E3,E3,E3,E23,E23,E23,E21,E20,E21,E21]"
31,Write exception client give up,"[E22,E5,E5,E7]"
31,Write exception client give up,"[E5,E5,E22,E7]"
31,Write exception client give up,"[E5,E22,E5,E7]"
